-- MySQL dump 10.13  Distrib 5.5.37, for debian-linux-gnu (x86_64)
--
-- Host: localhost    Database: vukhf
-- ------------------------------------------------------
-- Server version	5.5.37-0ubuntu0.13.10.1

/*!40101 SET @OLD_CHARACTER_SET_CLIENT=@@CHARACTER_SET_CLIENT */;
/*!40101 SET @OLD_CHARACTER_SET_RESULTS=@@CHARACTER_SET_RESULTS */;
/*!40101 SET @OLD_COLLATION_CONNECTION=@@COLLATION_CONNECTION */;
/*!40101 SET NAMES utf8 */;
/*!40103 SET @OLD_TIME_ZONE=@@TIME_ZONE */;
/*!40103 SET TIME_ZONE='+00:00' */;
/*!40014 SET @OLD_UNIQUE_CHECKS=@@UNIQUE_CHECKS, UNIQUE_CHECKS=0 */;
/*!40014 SET @OLD_FOREIGN_KEY_CHECKS=@@FOREIGN_KEY_CHECKS, FOREIGN_KEY_CHECKS=0 */;
/*!40101 SET @OLD_SQL_MODE=@@SQL_MODE, SQL_MODE='NO_AUTO_VALUE_ON_ZERO' */;
/*!40111 SET @OLD_SQL_NOTES=@@SQL_NOTES, SQL_NOTES=0 */;

--
-- Table structure for table `groups`
--

DROP TABLE IF EXISTS `groups`;
/*!40101 SET @saved_cs_client     = @@character_set_client */;
/*!40101 SET character_set_client = utf8 */;
CREATE TABLE `groups` (
  `id` int(10) unsigned NOT NULL AUTO_INCREMENT,
  `name` varchar(255) NOT NULL,
  `permissions` text,
  `created_at` timestamp NOT NULL DEFAULT '0000-00-00 00:00:00',
  `updated_at` timestamp NOT NULL DEFAULT '0000-00-00 00:00:00',
  PRIMARY KEY (`id`),
  UNIQUE KEY `name_UNIQUE` (`name`)
) ENGINE=InnoDB AUTO_INCREMENT=3 DEFAULT CHARSET=utf8;
/*!40101 SET character_set_client = @saved_cs_client */;

--
-- Dumping data for table `groups`
--

LOCK TABLES `groups` WRITE;
/*!40000 ALTER TABLE `groups` DISABLE KEYS */;
INSERT INTO `groups` VALUES (1,'Users','{\"users\":1}','2014-03-22 12:25:53','2014-03-22 12:25:53'),(2,'Admins','{\"admins\":1,\"users\":1}','2014-03-22 12:25:53','2014-03-22 12:25:53');
/*!40000 ALTER TABLE `groups` ENABLE KEYS */;
UNLOCK TABLES;

--
-- Table structure for table `levels`
--

DROP TABLE IF EXISTS `levels`;
/*!40101 SET @saved_cs_client     = @@character_set_client */;
/*!40101 SET character_set_client = utf8 */;
CREATE TABLE `levels` (
  `id` int(10) unsigned NOT NULL AUTO_INCREMENT,
  `sort` int(11) NOT NULL,
  `title` varchar(255) COLLATE utf8_unicode_ci NOT NULL,
  `file` varchar(255) COLLATE utf8_unicode_ci NOT NULL,
  `created_at` timestamp NOT NULL DEFAULT '0000-00-00 00:00:00',
  `updated_at` timestamp NOT NULL DEFAULT '0000-00-00 00:00:00',
  PRIMARY KEY (`id`)
) ENGINE=InnoDB AUTO_INCREMENT=8 DEFAULT CHARSET=utf8 COLLATE=utf8_unicode_ci;
/*!40101 SET character_set_client = @saved_cs_client */;

--
-- Dumping data for table `levels`
--

LOCK TABLES `levels` WRITE;
/*!40000 ALTER TABLE `levels` DISABLE KEYS */;
INSERT INTO `levels` VALUES (1,1,'Level 1','level1.php','0000-00-00 00:00:00','0000-00-00 00:00:00'),(2,2,'Level 2','level2.php','2014-05-18 14:49:06','2014-05-18 14:49:06'),(3,3,'Level 3','level3.php','2014-05-18 15:04:22','2014-05-18 15:04:22'),(4,4,'Level 4','level4.php','2014-05-18 15:16:59','2014-05-18 15:16:59'),(5,5,'Level 5','level5.php','2014-05-18 15:32:17','2014-05-18 15:32:17'),(6,6,'Level 6','level6.php','2014-05-18 15:35:46','2014-05-18 15:35:46'),(7,7,'Level 7','level7.php','2014-05-18 15:42:59','2014-05-18 15:42:59');
/*!40000 ALTER TABLE `levels` ENABLE KEYS */;
UNLOCK TABLES;

--
-- Table structure for table `logs`
--

DROP TABLE IF EXISTS `logs`;
/*!40101 SET @saved_cs_client     = @@character_set_client */;
/*!40101 SET character_set_client = utf8 */;
CREATE TABLE `logs` (
  `id` int(10) unsigned NOT NULL AUTO_INCREMENT,
  `user` int(11) NOT NULL,
  `level` int(11) NOT NULL,
  `get` text COLLATE utf8_unicode_ci NOT NULL,
  `post` text COLLATE utf8_unicode_ci NOT NULL,
  `request` text COLLATE utf8_unicode_ci NOT NULL,
  `server` text COLLATE utf8_unicode_ci NOT NULL,
  `cookie` text COLLATE utf8_unicode_ci NOT NULL,
  `session` text COLLATE utf8_unicode_ci NOT NULL,
  `created_at` timestamp NOT NULL DEFAULT '0000-00-00 00:00:00',
  `updated_at` timestamp NOT NULL DEFAULT '0000-00-00 00:00:00',
  PRIMARY KEY (`id`)
) ENGINE=InnoDB AUTO_INCREMENT=203 DEFAULT CHARSET=utf8 COLLATE=utf8_unicode_ci;
/*!40101 SET character_set_client = @saved_cs_client */;

--
-- Dumping data for table `logs`
--

LOCK TABLES `logs` WRITE;
/*!40000 ALTER TABLE `logs` DISABLE KEYS */;
INSERT INTO `logs` VALUES (157,1,1,'Array\n(\n)\n','Array\n(\n)\n','Array\n(\n)\n','Array\n(\n    [REDIRECT_STATUS] => 200\n    [HTTP_HOST] => vukhf.dev\n    [HTTP_CONNECTION] => keep-alive\n    [HTTP_ACCEPT] => text/html,application/xhtml+xml,application/xml;q=0.9,image/webp,*/*;q=0.8\n    [HTTP_USER_AGENT] => Mozilla/5.0 (X11; Linux x86_64) AppleWebKit/537.36 (KHTML, like Gecko) Chrome/35.0.1916.114 Safari/537.36\n    [HTTP_DNT] => 1\n    [HTTP_ACCEPT_ENCODING] => gzip,deflate,sdch\n    [HTTP_ACCEPT_LANGUAGE] => en-US,en;q=0.8,lt;q=0.6\n    [HTTP_COOKIE] => cartalyst_sentry=eyJpdiI6Ink0cG5HTGZoT3lNOVk3MmE2K2N6NVBFTWRUdDhEZWlza0FjMEJ0cHFhQlE9IiwidmFsdWUiOiJiY1BlZmxORVNYcWthanQyWFRnNmtyZndrRWVXVnBDeXdESFJwcXVJbE5mQk1tb2JcL0g2UlBtYkNtQlRGem1DXC95WUllSTZNYWlvYW1Qb2ZmUFhVNERHZk1jcmNRZk9FQmJ5ck1jRGRjaHZJM2I5SHVNODF6RHR5WFlWTWJTUGlwIiwibWFjIjoiY2NlN2Q1OWEyZGMxMzkyMzRjZjk0ODk5ZGI5ODVlNzcxZTYzNWYxNTZhNzZiMjdkNDQ3NzE4OWY0OGM2MzFlOCJ9; arp_scroll_position=0; laravel_session=eyJpdiI6IndRWFlPZUJoVjRqTXNjcUNVY1crc3o1M1pUWWFEVDR6ZTl0UGRLdWRCYU09IiwidmFsdWUiOiJHNHJ1YjJyM0l6SnZqUm1uaTBDMk9DbmRnOXR5RlNTSHE2TWZrY0NhZzJudWJHUjJPOXUyS09QZFMxemZmXC9pRXllOG9mdzg3SFRZU01RcWZlbzhkQVE9PSIsIm1hYyI6ImE3MjcxYzE0MTkyNTgxNmJmOWFiMDZkNTFjNmIwZGU1MGRmMWExYjBjYTBlYjRjNDc3MmQ3ZWFmODVkMzE0MzMifQ%3D%3D\n    [PATH] => /usr/local/bin:/usr/bin:/bin\n    [SERVER_SIGNATURE] => <address>Apache/2.4.6 (Ubuntu) Server at vukhf.dev Port 80</address>\n\n    [SERVER_SOFTWARE] => Apache/2.4.6 (Ubuntu)\n    [SERVER_NAME] => vukhf.dev\n    [SERVER_ADDR] => 127.0.0.1\n    [SERVER_PORT] => 80\n    [REMOTE_ADDR] => 127.0.0.1\n    [DOCUMENT_ROOT] => /var/www/vukhf/public/\n    [REQUEST_SCHEME] => http\n    [CONTEXT_PREFIX] => \n    [CONTEXT_DOCUMENT_ROOT] => /var/www/vukhf/public/\n    [SERVER_ADMIN] => webmaster@localhost\n    [SCRIPT_FILENAME] => /var/www/vukhf/public/index.php\n    [REMOTE_PORT] => 52958\n    [REDIRECT_URL] => /level1.php\n    [GATEWAY_INTERFACE] => CGI/1.1\n    [SERVER_PROTOCOL] => HTTP/1.1\n    [REQUEST_METHOD] => GET\n    [QUERY_STRING] => \n    [REQUEST_URI] => /level1.php\n    [SCRIPT_NAME] => /index.php\n    [PHP_SELF] => /index.php\n    [REQUEST_TIME_FLOAT] => 1400829164.696\n    [REQUEST_TIME] => 1400829164\n)\n','Array\n(\n    [cartalyst_sentry] => eyJpdiI6Ink0cG5HTGZoT3lNOVk3MmE2K2N6NVBFTWRUdDhEZWlza0FjMEJ0cHFhQlE9IiwidmFsdWUiOiJiY1BlZmxORVNYcWthanQyWFRnNmtyZndrRWVXVnBDeXdESFJwcXVJbE5mQk1tb2JcL0g2UlBtYkNtQlRGem1DXC95WUllSTZNYWlvYW1Qb2ZmUFhVNERHZk1jcmNRZk9FQmJ5ck1jRGRjaHZJM2I5SHVNODF6RHR5WFlWTWJTUGlwIiwibWFjIjoiY2NlN2Q1OWEyZGMxMzkyMzRjZjk0ODk5ZGI5ODVlNzcxZTYzNWYxNTZhNzZiMjdkNDQ3NzE4OWY0OGM2MzFlOCJ9\n    [arp_scroll_position] => 0\n    [laravel_session] => eyJpdiI6IndRWFlPZUJoVjRqTXNjcUNVY1crc3o1M1pUWWFEVDR6ZTl0UGRLdWRCYU09IiwidmFsdWUiOiJHNHJ1YjJyM0l6SnZqUm1uaTBDMk9DbmRnOXR5RlNTSHE2TWZrY0NhZzJudWJHUjJPOXUyS09QZFMxemZmXC9pRXllOG9mdzg3SFRZU01RcWZlbzhkQVE9PSIsIm1hYyI6ImE3MjcxYzE0MTkyNTgxNmJmOWFiMDZkNTFjNmIwZGU1MGRmMWExYjBjYTBlYjRjNDc3MmQ3ZWFmODVkMzE0MzMifQ==\n)\n','','2014-05-23 04:12:44','2014-05-23 04:12:44'),(158,1,1,'Array\n(\n)\n','Array\n(\n    [login] => admin@admin.com\n    [password] => admin\n)\n','Array\n(\n    [login] => admin@admin.com\n    [password] => admin\n)\n','Array\n(\n    [REDIRECT_STATUS] => 200\n    [HTTP_HOST] => vukhf.dev\n    [HTTP_CONNECTION] => keep-alive\n    [CONTENT_LENGTH] => 38\n    [HTTP_ACCEPT] => */*\n    [HTTP_ORIGIN] => http://vukhf.dev\n    [HTTP_X_REQUESTED_WITH] => XMLHttpRequest\n    [HTTP_USER_AGENT] => Mozilla/5.0 (X11; Linux x86_64) AppleWebKit/537.36 (KHTML, like Gecko) Chrome/35.0.1916.114 Safari/537.36\n    [CONTENT_TYPE] => application/x-www-form-urlencoded; charset=UTF-8\n    [HTTP_DNT] => 1\n    [HTTP_REFERER] => http://vukhf.dev/level1.php\n    [HTTP_ACCEPT_ENCODING] => gzip,deflate,sdch\n    [HTTP_ACCEPT_LANGUAGE] => en-US,en;q=0.8,lt;q=0.6\n    [HTTP_COOKIE] => cartalyst_sentry=eyJpdiI6Ink0cG5HTGZoT3lNOVk3MmE2K2N6NVBFTWRUdDhEZWlza0FjMEJ0cHFhQlE9IiwidmFsdWUiOiJiY1BlZmxORVNYcWthanQyWFRnNmtyZndrRWVXVnBDeXdESFJwcXVJbE5mQk1tb2JcL0g2UlBtYkNtQlRGem1DXC95WUllSTZNYWlvYW1Qb2ZmUFhVNERHZk1jcmNRZk9FQmJ5ck1jRGRjaHZJM2I5SHVNODF6RHR5WFlWTWJTUGlwIiwibWFjIjoiY2NlN2Q1OWEyZGMxMzkyMzRjZjk0ODk5ZGI5ODVlNzcxZTYzNWYxNTZhNzZiMjdkNDQ3NzE4OWY0OGM2MzFlOCJ9; arp_scroll_position=0; laravel_session=eyJpdiI6IllyQTYrb1ZORWxLUFlHWW5iSm5sZjBESkUybFNsSXhHTWp1eDNtQ0lWcjg9IiwidmFsdWUiOiJ2YmhrSFB3UWs5SkJPNzc4enk1YXQzOUwwMXo4V1BUczRIdlwvTnRyMnpKZWNybGhUV1NtRit1VkFYYTQwS0ZQYmxaR0RFa0VNVFhZTis5S0pLczJjMGc9PSIsIm1hYyI6ImZlNTdkYzY2Njg0ZGI0NDViZDU0ZjA2OTYyNTcxOGNhN2FjYjE2ZWYxMGJhY2Q1NjdmNmFlMDkwZTExZTU0ZWUifQ%3D%3D\n    [PATH] => /usr/local/bin:/usr/bin:/bin\n    [SERVER_SIGNATURE] => <address>Apache/2.4.6 (Ubuntu) Server at vukhf.dev Port 80</address>\n\n    [SERVER_SOFTWARE] => Apache/2.4.6 (Ubuntu)\n    [SERVER_NAME] => vukhf.dev\n    [SERVER_ADDR] => 127.0.0.1\n    [SERVER_PORT] => 80\n    [REMOTE_ADDR] => 127.0.0.1\n    [DOCUMENT_ROOT] => /var/www/vukhf/public/\n    [REQUEST_SCHEME] => http\n    [CONTEXT_PREFIX] => \n    [CONTEXT_DOCUMENT_ROOT] => /var/www/vukhf/public/\n    [SERVER_ADMIN] => webmaster@localhost\n    [SCRIPT_FILENAME] => /var/www/vukhf/public/index.php\n    [REMOTE_PORT] => 52958\n    [REDIRECT_URL] => /ajax-level1.php\n    [GATEWAY_INTERFACE] => CGI/1.1\n    [SERVER_PROTOCOL] => HTTP/1.1\n    [REQUEST_METHOD] => POST\n    [QUERY_STRING] => \n    [REQUEST_URI] => /ajax-level1.php\n    [SCRIPT_NAME] => /index.php\n    [PHP_SELF] => /index.php\n    [REQUEST_TIME_FLOAT] => 1400829168.612\n    [REQUEST_TIME] => 1400829168\n)\n','Array\n(\n    [cartalyst_sentry] => eyJpdiI6Ink0cG5HTGZoT3lNOVk3MmE2K2N6NVBFTWRUdDhEZWlza0FjMEJ0cHFhQlE9IiwidmFsdWUiOiJiY1BlZmxORVNYcWthanQyWFRnNmtyZndrRWVXVnBDeXdESFJwcXVJbE5mQk1tb2JcL0g2UlBtYkNtQlRGem1DXC95WUllSTZNYWlvYW1Qb2ZmUFhVNERHZk1jcmNRZk9FQmJ5ck1jRGRjaHZJM2I5SHVNODF6RHR5WFlWTWJTUGlwIiwibWFjIjoiY2NlN2Q1OWEyZGMxMzkyMzRjZjk0ODk5ZGI5ODVlNzcxZTYzNWYxNTZhNzZiMjdkNDQ3NzE4OWY0OGM2MzFlOCJ9\n    [arp_scroll_position] => 0\n    [laravel_session] => eyJpdiI6IllyQTYrb1ZORWxLUFlHWW5iSm5sZjBESkUybFNsSXhHTWp1eDNtQ0lWcjg9IiwidmFsdWUiOiJ2YmhrSFB3UWs5SkJPNzc4enk1YXQzOUwwMXo4V1BUczRIdlwvTnRyMnpKZWNybGhUV1NtRit1VkFYYTQwS0ZQYmxaR0RFa0VNVFhZTis5S0pLczJjMGc9PSIsIm1hYyI6ImZlNTdkYzY2Njg0ZGI0NDViZDU0ZjA2OTYyNTcxOGNhN2FjYjE2ZWYxMGJhY2Q1NjdmNmFlMDkwZTExZTU0ZWUifQ==\n)\n','','2014-05-23 04:12:48','2014-05-23 04:12:48'),(159,1,1,'Array\n(\n)\n','Array\n(\n    [login] => vukhf\n    [password] => hacker\n)\n','Array\n(\n    [login] => vukhf\n    [password] => hacker\n)\n','Array\n(\n    [REDIRECT_STATUS] => 200\n    [HTTP_HOST] => vukhf.dev\n    [HTTP_CONNECTION] => keep-alive\n    [CONTENT_LENGTH] => 27\n    [HTTP_ACCEPT] => */*\n    [HTTP_ORIGIN] => http://vukhf.dev\n    [HTTP_X_REQUESTED_WITH] => XMLHttpRequest\n    [HTTP_USER_AGENT] => Mozilla/5.0 (X11; Linux x86_64) AppleWebKit/537.36 (KHTML, like Gecko) Chrome/35.0.1916.114 Safari/537.36\n    [CONTENT_TYPE] => application/x-www-form-urlencoded; charset=UTF-8\n    [HTTP_DNT] => 1\n    [HTTP_REFERER] => http://vukhf.dev/level1.php\n    [HTTP_ACCEPT_ENCODING] => gzip,deflate,sdch\n    [HTTP_ACCEPT_LANGUAGE] => en-US,en;q=0.8,lt;q=0.6\n    [HTTP_COOKIE] => cartalyst_sentry=eyJpdiI6Ink0cG5HTGZoT3lNOVk3MmE2K2N6NVBFTWRUdDhEZWlza0FjMEJ0cHFhQlE9IiwidmFsdWUiOiJiY1BlZmxORVNYcWthanQyWFRnNmtyZndrRWVXVnBDeXdESFJwcXVJbE5mQk1tb2JcL0g2UlBtYkNtQlRGem1DXC95WUllSTZNYWlvYW1Qb2ZmUFhVNERHZk1jcmNRZk9FQmJ5ck1jRGRjaHZJM2I5SHVNODF6RHR5WFlWTWJTUGlwIiwibWFjIjoiY2NlN2Q1OWEyZGMxMzkyMzRjZjk0ODk5ZGI5ODVlNzcxZTYzNWYxNTZhNzZiMjdkNDQ3NzE4OWY0OGM2MzFlOCJ9; laravel_session=eyJpdiI6IjIwWG5qa2IxcWQ2d2o2Q3d6MFIwMFl6Y2Zvc1pKdEJtbGZnK082d1wvNXJZPSIsInZhbHVlIjoiK00rR2pDV2hkTDRiUVBqWG9YSDR1Q29zSHRoT2d0RW0zbERvV0wrNW5ZVzZCWUNxa1Fja3NPM3F3SGNKdURta01RQ1hjWTROUExIVUwyS2Z2aGhtOWc9PSIsIm1hYyI6ImFmZmY3OGQzMDM3YzllOWM1NzBhNGU3YTFhYTY1Yjg1ZWI2NWIwNjBlYjNiZTIzZGI5ZWI1OGQzYjhiYmQ1NzIifQ%3D%3D; arp_scroll_position=0\n    [PATH] => /usr/local/bin:/usr/bin:/bin\n    [SERVER_SIGNATURE] => <address>Apache/2.4.6 (Ubuntu) Server at vukhf.dev Port 80</address>\n\n    [SERVER_SOFTWARE] => Apache/2.4.6 (Ubuntu)\n    [SERVER_NAME] => vukhf.dev\n    [SERVER_ADDR] => 127.0.0.1\n    [SERVER_PORT] => 80\n    [REMOTE_ADDR] => 127.0.0.1\n    [DOCUMENT_ROOT] => /var/www/vukhf/public/\n    [REQUEST_SCHEME] => http\n    [CONTEXT_PREFIX] => \n    [CONTEXT_DOCUMENT_ROOT] => /var/www/vukhf/public/\n    [SERVER_ADMIN] => webmaster@localhost\n    [SCRIPT_FILENAME] => /var/www/vukhf/public/index.php\n    [REMOTE_PORT] => 52976\n    [REDIRECT_URL] => /ajax-level1.php\n    [GATEWAY_INTERFACE] => CGI/1.1\n    [SERVER_PROTOCOL] => HTTP/1.1\n    [REQUEST_METHOD] => POST\n    [QUERY_STRING] => \n    [REQUEST_URI] => /ajax-level1.php\n    [SCRIPT_NAME] => /index.php\n    [PHP_SELF] => /index.php\n    [REQUEST_TIME_FLOAT] => 1400829218.091\n    [REQUEST_TIME] => 1400829218\n)\n','Array\n(\n    [cartalyst_sentry] => eyJpdiI6Ink0cG5HTGZoT3lNOVk3MmE2K2N6NVBFTWRUdDhEZWlza0FjMEJ0cHFhQlE9IiwidmFsdWUiOiJiY1BlZmxORVNYcWthanQyWFRnNmtyZndrRWVXVnBDeXdESFJwcXVJbE5mQk1tb2JcL0g2UlBtYkNtQlRGem1DXC95WUllSTZNYWlvYW1Qb2ZmUFhVNERHZk1jcmNRZk9FQmJ5ck1jRGRjaHZJM2I5SHVNODF6RHR5WFlWTWJTUGlwIiwibWFjIjoiY2NlN2Q1OWEyZGMxMzkyMzRjZjk0ODk5ZGI5ODVlNzcxZTYzNWYxNTZhNzZiMjdkNDQ3NzE4OWY0OGM2MzFlOCJ9\n    [laravel_session] => eyJpdiI6IjIwWG5qa2IxcWQ2d2o2Q3d6MFIwMFl6Y2Zvc1pKdEJtbGZnK082d1wvNXJZPSIsInZhbHVlIjoiK00rR2pDV2hkTDRiUVBqWG9YSDR1Q29zSHRoT2d0RW0zbERvV0wrNW5ZVzZCWUNxa1Fja3NPM3F3SGNKdURta01RQ1hjWTROUExIVUwyS2Z2aGhtOWc9PSIsIm1hYyI6ImFmZmY3OGQzMDM3YzllOWM1NzBhNGU3YTFhYTY1Yjg1ZWI2NWIwNjBlYjNiZTIzZGI5ZWI1OGQzYjhiYmQ1NzIifQ==\n    [arp_scroll_position] => 0\n)\n','','2014-05-23 04:13:38','2014-05-23 04:13:38'),(160,1,1,'Array\n(\n)\n','Array\n(\n    [login] => hacker\n    [password] => vukhf\n)\n','Array\n(\n    [login] => hacker\n    [password] => vukhf\n)\n','Array\n(\n    [REDIRECT_STATUS] => 200\n    [HTTP_HOST] => vukhf.dev\n    [HTTP_CONNECTION] => keep-alive\n    [CONTENT_LENGTH] => 27\n    [HTTP_ACCEPT] => */*\n    [HTTP_ORIGIN] => http://vukhf.dev\n    [HTTP_X_REQUESTED_WITH] => XMLHttpRequest\n    [HTTP_USER_AGENT] => Mozilla/5.0 (X11; Linux x86_64) AppleWebKit/537.36 (KHTML, like Gecko) Chrome/35.0.1916.114 Safari/537.36\n    [CONTENT_TYPE] => application/x-www-form-urlencoded; charset=UTF-8\n    [HTTP_DNT] => 1\n    [HTTP_REFERER] => http://vukhf.dev/level1.php\n    [HTTP_ACCEPT_ENCODING] => gzip,deflate,sdch\n    [HTTP_ACCEPT_LANGUAGE] => en-US,en;q=0.8,lt;q=0.6\n    [HTTP_COOKIE] => cartalyst_sentry=eyJpdiI6Ink0cG5HTGZoT3lNOVk3MmE2K2N6NVBFTWRUdDhEZWlza0FjMEJ0cHFhQlE9IiwidmFsdWUiOiJiY1BlZmxORVNYcWthanQyWFRnNmtyZndrRWVXVnBDeXdESFJwcXVJbE5mQk1tb2JcL0g2UlBtYkNtQlRGem1DXC95WUllSTZNYWlvYW1Qb2ZmUFhVNERHZk1jcmNRZk9FQmJ5ck1jRGRjaHZJM2I5SHVNODF6RHR5WFlWTWJTUGlwIiwibWFjIjoiY2NlN2Q1OWEyZGMxMzkyMzRjZjk0ODk5ZGI5ODVlNzcxZTYzNWYxNTZhNzZiMjdkNDQ3NzE4OWY0OGM2MzFlOCJ9; arp_scroll_position=0; laravel_session=eyJpdiI6InhDaUNUakNoMVVCVVhFZytxRFZqaTNVRkN6UUptUTdjdGcxQkR2RzFpczQ9IiwidmFsdWUiOiJJQStONlUwTHkrS2JHaUJPc1piVWNoaWY3R05uTTlSVzJJUVNRZkJFcklcL05QQVBFdW5nXC9nNXF2a0hjbUNGM1ZJUUpqK3crcDZENzNGUCtBVVlTVDJ3PT0iLCJtYWMiOiJlNmQ5OGM5NGYwMWM3Y2FjODcxY2MyMjA0MDJlNzlhZTQ3YmYzYjhmZGE4YjBjMWRkMDhiNWY5ZmNmYjE2NTA0In0%3D\n    [PATH] => /usr/local/bin:/usr/bin:/bin\n    [SERVER_SIGNATURE] => <address>Apache/2.4.6 (Ubuntu) Server at vukhf.dev Port 80</address>\n\n    [SERVER_SOFTWARE] => Apache/2.4.6 (Ubuntu)\n    [SERVER_NAME] => vukhf.dev\n    [SERVER_ADDR] => 127.0.0.1\n    [SERVER_PORT] => 80\n    [REMOTE_ADDR] => 127.0.0.1\n    [DOCUMENT_ROOT] => /var/www/vukhf/public/\n    [REQUEST_SCHEME] => http\n    [CONTEXT_PREFIX] => \n    [CONTEXT_DOCUMENT_ROOT] => /var/www/vukhf/public/\n    [SERVER_ADMIN] => webmaster@localhost\n    [SCRIPT_FILENAME] => /var/www/vukhf/public/index.php\n    [REMOTE_PORT] => 52984\n    [REDIRECT_URL] => /ajax-level1.php\n    [GATEWAY_INTERFACE] => CGI/1.1\n    [SERVER_PROTOCOL] => HTTP/1.1\n    [REQUEST_METHOD] => POST\n    [QUERY_STRING] => \n    [REQUEST_URI] => /ajax-level1.php\n    [SCRIPT_NAME] => /index.php\n    [PHP_SELF] => /index.php\n    [REQUEST_TIME_FLOAT] => 1400829232.435\n    [REQUEST_TIME] => 1400829232\n)\n','Array\n(\n    [cartalyst_sentry] => eyJpdiI6Ink0cG5HTGZoT3lNOVk3MmE2K2N6NVBFTWRUdDhEZWlza0FjMEJ0cHFhQlE9IiwidmFsdWUiOiJiY1BlZmxORVNYcWthanQyWFRnNmtyZndrRWVXVnBDeXdESFJwcXVJbE5mQk1tb2JcL0g2UlBtYkNtQlRGem1DXC95WUllSTZNYWlvYW1Qb2ZmUFhVNERHZk1jcmNRZk9FQmJ5ck1jRGRjaHZJM2I5SHVNODF6RHR5WFlWTWJTUGlwIiwibWFjIjoiY2NlN2Q1OWEyZGMxMzkyMzRjZjk0ODk5ZGI5ODVlNzcxZTYzNWYxNTZhNzZiMjdkNDQ3NzE4OWY0OGM2MzFlOCJ9\n    [arp_scroll_position] => 0\n    [laravel_session] => eyJpdiI6InhDaUNUakNoMVVCVVhFZytxRFZqaTNVRkN6UUptUTdjdGcxQkR2RzFpczQ9IiwidmFsdWUiOiJJQStONlUwTHkrS2JHaUJPc1piVWNoaWY3R05uTTlSVzJJUVNRZkJFcklcL05QQVBFdW5nXC9nNXF2a0hjbUNGM1ZJUUpqK3crcDZENzNGUCtBVVlTVDJ3PT0iLCJtYWMiOiJlNmQ5OGM5NGYwMWM3Y2FjODcxY2MyMjA0MDJlNzlhZTQ3YmYzYjhmZGE4YjBjMWRkMDhiNWY5ZmNmYjE2NTA0In0=\n)\n','','2014-05-23 04:13:52','2014-05-23 04:13:52'),(161,1,2,'Array\n(\n)\n','Array\n(\n)\n','Array\n(\n)\n','Array\n(\n    [REDIRECT_STATUS] => 200\n    [HTTP_HOST] => vukhf.dev\n    [HTTP_CONNECTION] => keep-alive\n    [HTTP_ACCEPT] => text/html,application/xhtml+xml,application/xml;q=0.9,image/webp,*/*;q=0.8\n    [HTTP_USER_AGENT] => Mozilla/5.0 (X11; Linux x86_64) AppleWebKit/537.36 (KHTML, like Gecko) Chrome/35.0.1916.114 Safari/537.36\n    [HTTP_DNT] => 1\n    [HTTP_REFERER] => http://vukhf.dev/level1.php\n    [HTTP_ACCEPT_ENCODING] => gzip,deflate,sdch\n    [HTTP_ACCEPT_LANGUAGE] => en-US,en;q=0.8,lt;q=0.6\n    [HTTP_COOKIE] => cartalyst_sentry=eyJpdiI6Ink0cG5HTGZoT3lNOVk3MmE2K2N6NVBFTWRUdDhEZWlza0FjMEJ0cHFhQlE9IiwidmFsdWUiOiJiY1BlZmxORVNYcWthanQyWFRnNmtyZndrRWVXVnBDeXdESFJwcXVJbE5mQk1tb2JcL0g2UlBtYkNtQlRGem1DXC95WUllSTZNYWlvYW1Qb2ZmUFhVNERHZk1jcmNRZk9FQmJ5ck1jRGRjaHZJM2I5SHVNODF6RHR5WFlWTWJTUGlwIiwibWFjIjoiY2NlN2Q1OWEyZGMxMzkyMzRjZjk0ODk5ZGI5ODVlNzcxZTYzNWYxNTZhNzZiMjdkNDQ3NzE4OWY0OGM2MzFlOCJ9; arp_scroll_position=0; laravel_session=eyJpdiI6ImRnS0JnOUNhS1o5MTd5NlwvekkrZVQrY1dGWTZtOFwvMGtFOUpBb25jQnlxOD0iLCJ2YWx1ZSI6InFoQWgyZE5HNDMxNHludmVvU2dwcGdkNjFyUGNZREViSTlkMCtUb2hZdDJCdFJOMVZ2bjZaVTBVNklOOWlOcEQzNEJaeU5KRmJDZTNHdStXc1dNU1BnPT0iLCJtYWMiOiJmYTcxNzI5MjJlZTljNjEzNGMxNzk1ZjgxNmY2Mjc1N2FmODAwMTdjNjkwYjYxMjQzZDRmMThlZDIwZjdlMmI0In0%3D\n    [PATH] => /usr/local/bin:/usr/bin:/bin\n    [SERVER_SIGNATURE] => <address>Apache/2.4.6 (Ubuntu) Server at vukhf.dev Port 80</address>\n\n    [SERVER_SOFTWARE] => Apache/2.4.6 (Ubuntu)\n    [SERVER_NAME] => vukhf.dev\n    [SERVER_ADDR] => 127.0.0.1\n    [SERVER_PORT] => 80\n    [REMOTE_ADDR] => 127.0.0.1\n    [DOCUMENT_ROOT] => /var/www/vukhf/public/\n    [REQUEST_SCHEME] => http\n    [CONTEXT_PREFIX] => \n    [CONTEXT_DOCUMENT_ROOT] => /var/www/vukhf/public/\n    [SERVER_ADMIN] => webmaster@localhost\n    [SCRIPT_FILENAME] => /var/www/vukhf/public/index.php\n    [REMOTE_PORT] => 52984\n    [REDIRECT_URL] => /level2.php\n    [GATEWAY_INTERFACE] => CGI/1.1\n    [SERVER_PROTOCOL] => HTTP/1.1\n    [REQUEST_METHOD] => GET\n    [QUERY_STRING] => \n    [REQUEST_URI] => /level2.php\n    [SCRIPT_NAME] => /index.php\n    [PHP_SELF] => /index.php\n    [REQUEST_TIME_FLOAT] => 1400829236.638\n    [REQUEST_TIME] => 1400829236\n)\n','Array\n(\n    [cartalyst_sentry] => eyJpdiI6Ink0cG5HTGZoT3lNOVk3MmE2K2N6NVBFTWRUdDhEZWlza0FjMEJ0cHFhQlE9IiwidmFsdWUiOiJiY1BlZmxORVNYcWthanQyWFRnNmtyZndrRWVXVnBDeXdESFJwcXVJbE5mQk1tb2JcL0g2UlBtYkNtQlRGem1DXC95WUllSTZNYWlvYW1Qb2ZmUFhVNERHZk1jcmNRZk9FQmJ5ck1jRGRjaHZJM2I5SHVNODF6RHR5WFlWTWJTUGlwIiwibWFjIjoiY2NlN2Q1OWEyZGMxMzkyMzRjZjk0ODk5ZGI5ODVlNzcxZTYzNWYxNTZhNzZiMjdkNDQ3NzE4OWY0OGM2MzFlOCJ9\n    [arp_scroll_position] => 0\n    [laravel_session] => eyJpdiI6ImRnS0JnOUNhS1o5MTd5NlwvekkrZVQrY1dGWTZtOFwvMGtFOUpBb25jQnlxOD0iLCJ2YWx1ZSI6InFoQWgyZE5HNDMxNHludmVvU2dwcGdkNjFyUGNZREViSTlkMCtUb2hZdDJCdFJOMVZ2bjZaVTBVNklOOWlOcEQzNEJaeU5KRmJDZTNHdStXc1dNU1BnPT0iLCJtYWMiOiJmYTcxNzI5MjJlZTljNjEzNGMxNzk1ZjgxNmY2Mjc1N2FmODAwMTdjNjkwYjYxMjQzZDRmMThlZDIwZjdlMmI0In0=\n)\n','','2014-05-23 04:13:56','2014-05-23 04:13:56'),(162,2,1,'','','','','','','0000-00-00 00:00:00','0000-00-00 00:00:00'),(163,1,1,'Array\n(\n)\n','Array\n(\n)\n','Array\n(\n)\n','Array\n(\n    [REDIRECT_STATUS] => 200\n    [HTTP_HOST] => vukhf.dev\n    [HTTP_USER_AGENT] => Mozilla/5.0 (X11; Ubuntu; Linux x86_64; rv:29.0) Gecko/20100101 Firefox/29.0\n    [HTTP_ACCEPT] => text/html,application/xhtml+xml,application/xml;q=0.9,*/*;q=0.8\n    [HTTP_ACCEPT_LANGUAGE] => en-US,en;q=0.5\n    [HTTP_ACCEPT_ENCODING] => gzip, deflate\n    [HTTP_REFERER] => http://vukhf.dev/\n    [HTTP_COOKIE] => laravel_session=eyJpdiI6ImExUWJRM0dpZDBQaSt0VWc4TVNyXC9USkJaVEVrOTd2Z2M0NGZ3amdBU3NjPSIsInZhbHVlIjoicW9qdlFSSmN3SW1MdDd4ZXZcL1VrcWJxXC91ZHVkQlVoR3VhTnRiUzFjQU9iXC9OVGtuaWhQT0xjK3Z1OWg4TUE1b1wvSEp4MytiSk93M3orTVpBN2dJZ0lnPT0iLCJtYWMiOiI5MjQyYTQ4ZjM5NDM1NjU4NTVmYzFiMGFlOTU0YmE2ZjJkNGQ1MTA5YmQ3ZTM5MmEzZDY5MGJkZjJmNzkwMTc2In0%3D\n    [HTTP_CONNECTION] => keep-alive\n    [PATH] => /usr/local/bin:/usr/bin:/bin\n    [SERVER_SIGNATURE] => <address>Apache/2.4.6 (Ubuntu) Server at vukhf.dev Port 80</address>\n\n    [SERVER_SOFTWARE] => Apache/2.4.6 (Ubuntu)\n    [SERVER_NAME] => vukhf.dev\n    [SERVER_ADDR] => 127.0.0.1\n    [SERVER_PORT] => 80\n    [REMOTE_ADDR] => 127.0.0.1\n    [DOCUMENT_ROOT] => /var/www/vukhf/public/\n    [REQUEST_SCHEME] => http\n    [CONTEXT_PREFIX] => \n    [CONTEXT_DOCUMENT_ROOT] => /var/www/vukhf/public/\n    [SERVER_ADMIN] => webmaster@localhost\n    [SCRIPT_FILENAME] => /var/www/vukhf/public/index.php\n    [REMOTE_PORT] => 60767\n    [REDIRECT_URL] => /level1.php\n    [GATEWAY_INTERFACE] => CGI/1.1\n    [SERVER_PROTOCOL] => HTTP/1.1\n    [REQUEST_METHOD] => GET\n    [QUERY_STRING] => \n    [REQUEST_URI] => /level1.php\n    [SCRIPT_NAME] => /index.php\n    [PHP_SELF] => /index.php\n    [REQUEST_TIME_FLOAT] => 1401135255.09\n    [REQUEST_TIME] => 1401135255\n)\n','Array\n(\n    [laravel_session] => eyJpdiI6ImExUWJRM0dpZDBQaSt0VWc4TVNyXC9USkJaVEVrOTd2Z2M0NGZ3amdBU3NjPSIsInZhbHVlIjoicW9qdlFSSmN3SW1MdDd4ZXZcL1VrcWJxXC91ZHVkQlVoR3VhTnRiUzFjQU9iXC9OVGtuaWhQT0xjK3Z1OWg4TUE1b1wvSEp4MytiSk93M3orTVpBN2dJZ0lnPT0iLCJtYWMiOiI5MjQyYTQ4ZjM5NDM1NjU4NTVmYzFiMGFlOTU0YmE2ZjJkNGQ1MTA5YmQ3ZTM5MmEzZDY5MGJkZjJmNzkwMTc2In0=\n)\n','','2014-05-26 17:14:15','2014-05-26 17:14:15'),(164,1,2,'Array\n(\n)\n','Array\n(\n)\n','Array\n(\n)\n','Array\n(\n    [REDIRECT_STATUS] => 200\n    [HTTP_HOST] => vukhf.dev\n    [HTTP_USER_AGENT] => Mozilla/5.0 (X11; Ubuntu; Linux x86_64; rv:29.0) Gecko/20100101 Firefox/29.0\n    [HTTP_ACCEPT] => text/html,application/xhtml+xml,application/xml;q=0.9,*/*;q=0.8\n    [HTTP_ACCEPT_LANGUAGE] => en-US,en;q=0.5\n    [HTTP_ACCEPT_ENCODING] => gzip, deflate\n    [HTTP_REFERER] => http://vukhf.dev/\n    [HTTP_COOKIE] => laravel_session=eyJpdiI6ImExUWJRM0dpZDBQaSt0VWc4TVNyXC9USkJaVEVrOTd2Z2M0NGZ3amdBU3NjPSIsInZhbHVlIjoicW9qdlFSSmN3SW1MdDd4ZXZcL1VrcWJxXC91ZHVkQlVoR3VhTnRiUzFjQU9iXC9OVGtuaWhQT0xjK3Z1OWg4TUE1b1wvSEp4MytiSk93M3orTVpBN2dJZ0lnPT0iLCJtYWMiOiI5MjQyYTQ4ZjM5NDM1NjU4NTVmYzFiMGFlOTU0YmE2ZjJkNGQ1MTA5YmQ3ZTM5MmEzZDY5MGJkZjJmNzkwMTc2In0%3D\n    [HTTP_CONNECTION] => keep-alive\n    [PATH] => /usr/local/bin:/usr/bin:/bin\n    [SERVER_SIGNATURE] => <address>Apache/2.4.6 (Ubuntu) Server at vukhf.dev Port 80</address>\n\n    [SERVER_SOFTWARE] => Apache/2.4.6 (Ubuntu)\n    [SERVER_NAME] => vukhf.dev\n    [SERVER_ADDR] => 127.0.0.1\n    [SERVER_PORT] => 80\n    [REMOTE_ADDR] => 127.0.0.1\n    [DOCUMENT_ROOT] => /var/www/vukhf/public/\n    [REQUEST_SCHEME] => http\n    [CONTEXT_PREFIX] => \n    [CONTEXT_DOCUMENT_ROOT] => /var/www/vukhf/public/\n    [SERVER_ADMIN] => webmaster@localhost\n    [SCRIPT_FILENAME] => /var/www/vukhf/public/index.php\n    [REMOTE_PORT] => 60782\n    [REDIRECT_URL] => /level2.php\n    [GATEWAY_INTERFACE] => CGI/1.1\n    [SERVER_PROTOCOL] => HTTP/1.1\n    [REQUEST_METHOD] => GET\n    [QUERY_STRING] => \n    [REQUEST_URI] => /level2.php\n    [SCRIPT_NAME] => /index.php\n    [PHP_SELF] => /index.php\n    [REQUEST_TIME_FLOAT] => 1401135260.649\n    [REQUEST_TIME] => 1401135260\n)\n','Array\n(\n    [laravel_session] => eyJpdiI6ImExUWJRM0dpZDBQaSt0VWc4TVNyXC9USkJaVEVrOTd2Z2M0NGZ3amdBU3NjPSIsInZhbHVlIjoicW9qdlFSSmN3SW1MdDd4ZXZcL1VrcWJxXC91ZHVkQlVoR3VhTnRiUzFjQU9iXC9OVGtuaWhQT0xjK3Z1OWg4TUE1b1wvSEp4MytiSk93M3orTVpBN2dJZ0lnPT0iLCJtYWMiOiI5MjQyYTQ4ZjM5NDM1NjU4NTVmYzFiMGFlOTU0YmE2ZjJkNGQ1MTA5YmQ3ZTM5MmEzZDY5MGJkZjJmNzkwMTc2In0=\n)\n','','2014-05-26 17:14:20','2014-05-26 17:14:20'),(165,1,8,'Array\n(\n)\n','Array\n(\n)\n','Array\n(\n)\n','Array\n(\n    [REDIRECT_STATUS] => 200\n    [HTTP_HOST] => vukhf.dev\n    [HTTP_USER_AGENT] => Mozilla/5.0 (X11; Ubuntu; Linux x86_64; rv:29.0) Gecko/20100101 Firefox/29.0\n    [HTTP_ACCEPT] => text/html,application/xhtml+xml,application/xml;q=0.9,*/*;q=0.8\n    [HTTP_ACCEPT_LANGUAGE] => en-US,en;q=0.5\n    [HTTP_ACCEPT_ENCODING] => gzip, deflate\n    [HTTP_REFERER] => http://vukhf.dev/\n    [HTTP_COOKIE] => laravel_session=eyJpdiI6ImExUWJRM0dpZDBQaSt0VWc4TVNyXC9USkJaVEVrOTd2Z2M0NGZ3amdBU3NjPSIsInZhbHVlIjoicW9qdlFSSmN3SW1MdDd4ZXZcL1VrcWJxXC91ZHVkQlVoR3VhTnRiUzFjQU9iXC9OVGtuaWhQT0xjK3Z1OWg4TUE1b1wvSEp4MytiSk93M3orTVpBN2dJZ0lnPT0iLCJtYWMiOiI5MjQyYTQ4ZjM5NDM1NjU4NTVmYzFiMGFlOTU0YmE2ZjJkNGQ1MTA5YmQ3ZTM5MmEzZDY5MGJkZjJmNzkwMTc2In0%3D\n    [HTTP_CONNECTION] => keep-alive\n    [PATH] => /usr/local/bin:/usr/bin:/bin\n    [SERVER_SIGNATURE] => <address>Apache/2.4.6 (Ubuntu) Server at vukhf.dev Port 80</address>\n\n    [SERVER_SOFTWARE] => Apache/2.4.6 (Ubuntu)\n    [SERVER_NAME] => vukhf.dev\n    [SERVER_ADDR] => 127.0.0.1\n    [SERVER_PORT] => 80\n    [REMOTE_ADDR] => 127.0.0.1\n    [DOCUMENT_ROOT] => /var/www/vukhf/public/\n    [REQUEST_SCHEME] => http\n    [CONTEXT_PREFIX] => \n    [CONTEXT_DOCUMENT_ROOT] => /var/www/vukhf/public/\n    [SERVER_ADMIN] => webmaster@localhost\n    [SCRIPT_FILENAME] => /var/www/vukhf/public/index.php\n    [REMOTE_PORT] => 60789\n    [REDIRECT_URL] => /level8.php\n    [GATEWAY_INTERFACE] => CGI/1.1\n    [SERVER_PROTOCOL] => HTTP/1.1\n    [REQUEST_METHOD] => GET\n    [QUERY_STRING] => \n    [REQUEST_URI] => /level8.php\n    [SCRIPT_NAME] => /index.php\n    [PHP_SELF] => /index.php\n    [REQUEST_TIME_FLOAT] => 1401135294.344\n    [REQUEST_TIME] => 1401135294\n)\n','Array\n(\n    [laravel_session] => eyJpdiI6ImExUWJRM0dpZDBQaSt0VWc4TVNyXC9USkJaVEVrOTd2Z2M0NGZ3amdBU3NjPSIsInZhbHVlIjoicW9qdlFSSmN3SW1MdDd4ZXZcL1VrcWJxXC91ZHVkQlVoR3VhTnRiUzFjQU9iXC9OVGtuaWhQT0xjK3Z1OWg4TUE1b1wvSEp4MytiSk93M3orTVpBN2dJZ0lnPT0iLCJtYWMiOiI5MjQyYTQ4ZjM5NDM1NjU4NTVmYzFiMGFlOTU0YmE2ZjJkNGQ1MTA5YmQ3ZTM5MmEzZDY5MGJkZjJmNzkwMTc2In0=\n)\n','','2014-05-26 17:14:54','2014-05-26 17:14:54'),(166,1,7,'Array\n(\n)\n','Array\n(\n)\n','Array\n(\n)\n','Array\n(\n    [REDIRECT_STATUS] => 200\n    [HTTP_HOST] => vukhf.dev\n    [HTTP_USER_AGENT] => Mozilla/5.0 (X11; Ubuntu; Linux x86_64; rv:29.0) Gecko/20100101 Firefox/29.0\n    [HTTP_ACCEPT] => text/html,application/xhtml+xml,application/xml;q=0.9,*/*;q=0.8\n    [HTTP_ACCEPT_LANGUAGE] => en-US,en;q=0.5\n    [HTTP_ACCEPT_ENCODING] => gzip, deflate\n    [HTTP_REFERER] => http://vukhf.dev/\n    [HTTP_COOKIE] => laravel_session=eyJpdiI6IlwvZnlLNWJPcW1sQXBFVTNVUDJWWjYweWc3VjhtelwvaXhjSXd6YTE3c3ZITT0iLCJ2YWx1ZSI6IkdlSHJ5czkzNGNCOFRodXVYOEpBb2NEdkJsMnk5TWd4eGlISXdZOUw1SkVSSU1LTGRxalVYbEpLeVhqc21TZDJEWVl3eG1MeGhtVzZ4MkFnSklMdHVnPT0iLCJtYWMiOiJmOGMwYzg3N2VhMTU4NWM4NzFjNWJmZGJjMjVmMjI0NDFiMGRkYzA2MDA2YjczYTEzZTM5YTY1YTk0ZjgzMjJjIn0%3D\n    [HTTP_CONNECTION] => keep-alive\n    [PATH] => /usr/local/bin:/usr/bin:/bin\n    [SERVER_SIGNATURE] => <address>Apache/2.4.6 (Ubuntu) Server at vukhf.dev Port 80</address>\n\n    [SERVER_SOFTWARE] => Apache/2.4.6 (Ubuntu)\n    [SERVER_NAME] => vukhf.dev\n    [SERVER_ADDR] => 127.0.0.1\n    [SERVER_PORT] => 80\n    [REMOTE_ADDR] => 127.0.0.1\n    [DOCUMENT_ROOT] => /var/www/vukhf/public/\n    [REQUEST_SCHEME] => http\n    [CONTEXT_PREFIX] => \n    [CONTEXT_DOCUMENT_ROOT] => /var/www/vukhf/public/\n    [SERVER_ADMIN] => webmaster@localhost\n    [SCRIPT_FILENAME] => /var/www/vukhf/public/index.php\n    [REMOTE_PORT] => 60791\n    [REDIRECT_URL] => /level7.php\n    [GATEWAY_INTERFACE] => CGI/1.1\n    [SERVER_PROTOCOL] => HTTP/1.1\n    [REQUEST_METHOD] => GET\n    [QUERY_STRING] => \n    [REQUEST_URI] => /level7.php\n    [SCRIPT_NAME] => /index.php\n    [PHP_SELF] => /index.php\n    [REQUEST_TIME_FLOAT] => 1401135296.825\n    [REQUEST_TIME] => 1401135296\n)\n','Array\n(\n    [laravel_session] => eyJpdiI6IlwvZnlLNWJPcW1sQXBFVTNVUDJWWjYweWc3VjhtelwvaXhjSXd6YTE3c3ZITT0iLCJ2YWx1ZSI6IkdlSHJ5czkzNGNCOFRodXVYOEpBb2NEdkJsMnk5TWd4eGlISXdZOUw1SkVSSU1LTGRxalVYbEpLeVhqc21TZDJEWVl3eG1MeGhtVzZ4MkFnSklMdHVnPT0iLCJtYWMiOiJmOGMwYzg3N2VhMTU4NWM4NzFjNWJmZGJjMjVmMjI0NDFiMGRkYzA2MDA2YjczYTEzZTM5YTY1YTk0ZjgzMjJjIn0=\n)\n','','2014-05-26 17:14:56','2014-05-26 17:14:56'),(167,1,8,'Array\n(\n)\n','Array\n(\n)\n','Array\n(\n)\n','Array\n(\n    [REDIRECT_STATUS] => 200\n    [HTTP_HOST] => vukhf.dev\n    [HTTP_USER_AGENT] => Mozilla/5.0 (X11; Ubuntu; Linux x86_64; rv:29.0) Gecko/20100101 Firefox/29.0\n    [HTTP_ACCEPT] => text/html,application/xhtml+xml,application/xml;q=0.9,*/*;q=0.8\n    [HTTP_ACCEPT_LANGUAGE] => en-US,en;q=0.5\n    [HTTP_ACCEPT_ENCODING] => gzip, deflate\n    [HTTP_REFERER] => http://vukhf.dev/\n    [HTTP_COOKIE] => laravel_session=eyJpdiI6IkhKcnJjT2dabHR6QXFUU0xpT0NUbmZhcG1wMTErWldFQ3F2MWl4aEVza1U9IiwidmFsdWUiOiJvWFNxMVBvTWhNaUNlVlNwSlRrMGQ4TkZTTXExTVBmRGFiQ254XC8yVk95N1RVTER3cm1KZHVpTGQ4NExCdnRxSzA1bGhKV2lYUzJtZmZpUGQ4Z3BLNmc9PSIsIm1hYyI6ImI1ZmY5N2VhMDZhNTBhNGU5MjM5YzBjODFjZTNkN2VjN2M5NzM4MDMzYzM4YjNkZDYzNTRlNzkyMzRiMTlhYWIifQ%3D%3D\n    [HTTP_CONNECTION] => keep-alive\n    [PATH] => /usr/local/bin:/usr/bin:/bin\n    [SERVER_SIGNATURE] => <address>Apache/2.4.6 (Ubuntu) Server at vukhf.dev Port 80</address>\n\n    [SERVER_SOFTWARE] => Apache/2.4.6 (Ubuntu)\n    [SERVER_NAME] => vukhf.dev\n    [SERVER_ADDR] => 127.0.0.1\n    [SERVER_PORT] => 80\n    [REMOTE_ADDR] => 127.0.0.1\n    [DOCUMENT_ROOT] => /var/www/vukhf/public/\n    [REQUEST_SCHEME] => http\n    [CONTEXT_PREFIX] => \n    [CONTEXT_DOCUMENT_ROOT] => /var/www/vukhf/public/\n    [SERVER_ADMIN] => webmaster@localhost\n    [SCRIPT_FILENAME] => /var/www/vukhf/public/index.php\n    [REMOTE_PORT] => 60900\n    [REDIRECT_URL] => /level8.php\n    [GATEWAY_INTERFACE] => CGI/1.1\n    [SERVER_PROTOCOL] => HTTP/1.1\n    [REQUEST_METHOD] => GET\n    [QUERY_STRING] => \n    [REQUEST_URI] => /level8.php\n    [SCRIPT_NAME] => /index.php\n    [PHP_SELF] => /index.php\n    [REQUEST_TIME_FLOAT] => 1401135932.718\n    [REQUEST_TIME] => 1401135932\n)\n','Array\n(\n    [laravel_session] => eyJpdiI6IkhKcnJjT2dabHR6QXFUU0xpT0NUbmZhcG1wMTErWldFQ3F2MWl4aEVza1U9IiwidmFsdWUiOiJvWFNxMVBvTWhNaUNlVlNwSlRrMGQ4TkZTTXExTVBmRGFiQ254XC8yVk95N1RVTER3cm1KZHVpTGQ4NExCdnRxSzA1bGhKV2lYUzJtZmZpUGQ4Z3BLNmc9PSIsIm1hYyI6ImI1ZmY5N2VhMDZhNTBhNGU5MjM5YzBjODFjZTNkN2VjN2M5NzM4MDMzYzM4YjNkZDYzNTRlNzkyMzRiMTlhYWIifQ==\n)\n','','2014-05-26 17:25:32','2014-05-26 17:25:32'),(168,1,7,'Array\n(\n)\n','Array\n(\n)\n','Array\n(\n)\n','Array\n(\n    [REDIRECT_STATUS] => 200\n    [HTTP_HOST] => vukhf.dev\n    [HTTP_USER_AGENT] => Mozilla/5.0 (X11; Ubuntu; Linux x86_64; rv:29.0) Gecko/20100101 Firefox/29.0\n    [HTTP_ACCEPT] => text/html,application/xhtml+xml,application/xml;q=0.9,*/*;q=0.8\n    [HTTP_ACCEPT_LANGUAGE] => en-US,en;q=0.5\n    [HTTP_ACCEPT_ENCODING] => gzip, deflate\n    [HTTP_REFERER] => http://vukhf.dev/\n    [HTTP_COOKIE] => laravel_session=eyJpdiI6IldPU3VtXC8wQjRjVzJMb3FHeFdBSENpVzFXTk14N2lYcElWMTBpOGEyYTJ3PSIsInZhbHVlIjoibkVYRVoyMjFncWljZ3lDSTAzWVwvZ1BrYWNZN0FYeDNIY3pJNUVEM1FRVTIrOWNpbGRwd3dnU25TWUl5bHd3VDB1RURtdmxvZUE3RmFHRlwvdHk4UjQwdz09IiwibWFjIjoiNzEyNjI0NjdmN2QzNjBjMjZiOTBlMTg4OTI1ZTJlMWE0ZjdjYjlkMzQxNzMzZTM2NjlkZjg5ZTliYzA4NTcyNyJ9\n    [HTTP_CONNECTION] => keep-alive\n    [PATH] => /usr/local/bin:/usr/bin:/bin\n    [SERVER_SIGNATURE] => <address>Apache/2.4.6 (Ubuntu) Server at vukhf.dev Port 80</address>\n\n    [SERVER_SOFTWARE] => Apache/2.4.6 (Ubuntu)\n    [SERVER_NAME] => vukhf.dev\n    [SERVER_ADDR] => 127.0.0.1\n    [SERVER_PORT] => 80\n    [REMOTE_ADDR] => 127.0.0.1\n    [DOCUMENT_ROOT] => /var/www/vukhf/public/\n    [REQUEST_SCHEME] => http\n    [CONTEXT_PREFIX] => \n    [CONTEXT_DOCUMENT_ROOT] => /var/www/vukhf/public/\n    [SERVER_ADMIN] => webmaster@localhost\n    [SCRIPT_FILENAME] => /var/www/vukhf/public/index.php\n    [REMOTE_PORT] => 60915\n    [REDIRECT_URL] => /level7.php\n    [GATEWAY_INTERFACE] => CGI/1.1\n    [SERVER_PROTOCOL] => HTTP/1.1\n    [REQUEST_METHOD] => GET\n    [QUERY_STRING] => \n    [REQUEST_URI] => /level7.php\n    [SCRIPT_NAME] => /index.php\n    [PHP_SELF] => /index.php\n    [REQUEST_TIME_FLOAT] => 1401135937.043\n    [REQUEST_TIME] => 1401135937\n)\n','Array\n(\n    [laravel_session] => eyJpdiI6IldPU3VtXC8wQjRjVzJMb3FHeFdBSENpVzFXTk14N2lYcElWMTBpOGEyYTJ3PSIsInZhbHVlIjoibkVYRVoyMjFncWljZ3lDSTAzWVwvZ1BrYWNZN0FYeDNIY3pJNUVEM1FRVTIrOWNpbGRwd3dnU25TWUl5bHd3VDB1RURtdmxvZUE3RmFHRlwvdHk4UjQwdz09IiwibWFjIjoiNzEyNjI0NjdmN2QzNjBjMjZiOTBlMTg4OTI1ZTJlMWE0ZjdjYjlkMzQxNzMzZTM2NjlkZjg5ZTliYzA4NTcyNyJ9\n)\n','','2014-05-26 17:25:37','2014-05-26 17:25:37'),(169,1,7,'Array\n(\n)\n','Array\n(\n)\n','Array\n(\n)\n','Array\n(\n    [REDIRECT_STATUS] => 200\n    [HTTP_HOST] => vukhf.dev\n    [HTTP_USER_AGENT] => Mozilla/5.0 (X11; Ubuntu; Linux x86_64; rv:29.0) Gecko/20100101 Firefox/29.0\n    [HTTP_ACCEPT] => text/html,application/xhtml+xml,application/xml;q=0.9,*/*;q=0.8\n    [HTTP_ACCEPT_LANGUAGE] => en-US,en;q=0.5\n    [HTTP_ACCEPT_ENCODING] => gzip, deflate\n    [HTTP_REFERER] => http://vukhf.dev/\n    [HTTP_COOKIE] => laravel_session=eyJpdiI6IjdRMCtkbkFtMWZNc25lRGw1bUxcL3dVbXd3bjhYQ0w3VndtNTV0SFRXTUtVPSIsInZhbHVlIjoib3FSczhTTXZsVVlkdll6M01EMkl2bVhzbkt3K3hXQm1KSFpJOW1LXC9MeU1SSW5vSFVVYlZQWWJRRG42c1paMTkwTFwvSTZNQWttOG5DXC90dEpVYVVYU3c9PSIsIm1hYyI6IjA0ZDA3YTQwODA0ZmUzZWZkYmQ0MjYxZWEzOWI2NGUyYWM3NWJlNmY1NmRiY2U1ZDMxNWYzOGZkM2FkYzVkOWIifQ%3D%3D\n    [HTTP_CONNECTION] => keep-alive\n    [HTTP_CACHE_CONTROL] => max-age=0\n    [PATH] => /usr/local/bin:/usr/bin:/bin\n    [SERVER_SIGNATURE] => <address>Apache/2.4.6 (Ubuntu) Server at vukhf.dev Port 80</address>\n\n    [SERVER_SOFTWARE] => Apache/2.4.6 (Ubuntu)\n    [SERVER_NAME] => vukhf.dev\n    [SERVER_ADDR] => 127.0.0.1\n    [SERVER_PORT] => 80\n    [REMOTE_ADDR] => 127.0.0.1\n    [DOCUMENT_ROOT] => /var/www/vukhf/public/\n    [REQUEST_SCHEME] => http\n    [CONTEXT_PREFIX] => \n    [CONTEXT_DOCUMENT_ROOT] => /var/www/vukhf/public/\n    [SERVER_ADMIN] => webmaster@localhost\n    [SCRIPT_FILENAME] => /var/www/vukhf/public/index.php\n    [REMOTE_PORT] => 60915\n    [REDIRECT_URL] => /level7.php\n    [GATEWAY_INTERFACE] => CGI/1.1\n    [SERVER_PROTOCOL] => HTTP/1.1\n    [REQUEST_METHOD] => GET\n    [QUERY_STRING] => \n    [REQUEST_URI] => /level7.php\n    [SCRIPT_NAME] => /index.php\n    [PHP_SELF] => /index.php\n    [REQUEST_TIME_FLOAT] => 1401135938.87\n    [REQUEST_TIME] => 1401135938\n)\n','Array\n(\n    [laravel_session] => eyJpdiI6IjdRMCtkbkFtMWZNc25lRGw1bUxcL3dVbXd3bjhYQ0w3VndtNTV0SFRXTUtVPSIsInZhbHVlIjoib3FSczhTTXZsVVlkdll6M01EMkl2bVhzbkt3K3hXQm1KSFpJOW1LXC9MeU1SSW5vSFVVYlZQWWJRRG42c1paMTkwTFwvSTZNQWttOG5DXC90dEpVYVVYU3c9PSIsIm1hYyI6IjA0ZDA3YTQwODA0ZmUzZWZkYmQ0MjYxZWEzOWI2NGUyYWM3NWJlNmY1NmRiY2U1ZDMxNWYzOGZkM2FkYzVkOWIifQ==\n)\n','','2014-05-26 17:25:38','2014-05-26 17:25:38'),(170,1,7,'Array\n(\n)\n','Array\n(\n)\n','Array\n(\n)\n','Array\n(\n    [REDIRECT_STATUS] => 200\n    [HTTP_HOST] => vukhf.dev\n    [HTTP_USER_AGENT] => Mozilla/5.0 (X11; Ubuntu; Linux x86_64; rv:29.0) Gecko/20100101 Firefox/29.0\n    [HTTP_ACCEPT] => text/html,application/xhtml+xml,application/xml;q=0.9,*/*;q=0.8\n    [HTTP_ACCEPT_LANGUAGE] => en-US,en;q=0.5\n    [HTTP_ACCEPT_ENCODING] => gzip, deflate\n    [HTTP_REFERER] => http://vukhf.dev/\n    [HTTP_COOKIE] => laravel_session=eyJpdiI6IjNQdFdaQ3V5ckt1clc3SlVFdVlHT2pQbnNBUHJ6V1hxNjVEWlJVNWF3MG89IiwidmFsdWUiOiJYRlFzd09mdW02emQ0RE85aWJodFhVWWR4cWJtbm9cL0xyeVZBR1FLZWpCNEoxWFwvRGRvQUNlbWl1RjRPeFFSdXVBcGc3RXkzdzZaelBLazlpQ2tmZ2RBPT0iLCJtYWMiOiI3NGIzMGQxYzg4YTgyYjQ0MjBmMmU1N2FjOWZhZWE5MjZhMTI5MjA3ZTViOWY0OWZiNWJmMjE5ODAyZjk3NTIxIn0%3D\n    [HTTP_CONNECTION] => keep-alive\n    [HTTP_CACHE_CONTROL] => max-age=0\n    [PATH] => /usr/local/bin:/usr/bin:/bin\n    [SERVER_SIGNATURE] => <address>Apache/2.4.6 (Ubuntu) Server at vukhf.dev Port 80</address>\n\n    [SERVER_SOFTWARE] => Apache/2.4.6 (Ubuntu)\n    [SERVER_NAME] => vukhf.dev\n    [SERVER_ADDR] => 127.0.0.1\n    [SERVER_PORT] => 80\n    [REMOTE_ADDR] => 127.0.0.1\n    [DOCUMENT_ROOT] => /var/www/vukhf/public/\n    [REQUEST_SCHEME] => http\n    [CONTEXT_PREFIX] => \n    [CONTEXT_DOCUMENT_ROOT] => /var/www/vukhf/public/\n    [SERVER_ADMIN] => webmaster@localhost\n    [SCRIPT_FILENAME] => /var/www/vukhf/public/index.php\n    [REMOTE_PORT] => 60919\n    [REDIRECT_URL] => /level7.php\n    [GATEWAY_INTERFACE] => CGI/1.1\n    [SERVER_PROTOCOL] => HTTP/1.1\n    [REQUEST_METHOD] => GET\n    [QUERY_STRING] => \n    [REQUEST_URI] => /level7.php\n    [SCRIPT_NAME] => /index.php\n    [PHP_SELF] => /index.php\n    [REQUEST_TIME_FLOAT] => 1401135940.65\n    [REQUEST_TIME] => 1401135940\n)\n','Array\n(\n    [laravel_session] => eyJpdiI6IjNQdFdaQ3V5ckt1clc3SlVFdVlHT2pQbnNBUHJ6V1hxNjVEWlJVNWF3MG89IiwidmFsdWUiOiJYRlFzd09mdW02emQ0RE85aWJodFhVWWR4cWJtbm9cL0xyeVZBR1FLZWpCNEoxWFwvRGRvQUNlbWl1RjRPeFFSdXVBcGc3RXkzdzZaelBLazlpQ2tmZ2RBPT0iLCJtYWMiOiI3NGIzMGQxYzg4YTgyYjQ0MjBmMmU1N2FjOWZhZWE5MjZhMTI5MjA3ZTViOWY0OWZiNWJmMjE5ODAyZjk3NTIxIn0=\n)\n','','2014-05-26 17:25:40','2014-05-26 17:25:40'),(171,1,7,'Array\n(\n)\n','Array\n(\n)\n','Array\n(\n)\n','Array\n(\n    [REDIRECT_STATUS] => 200\n    [HTTP_HOST] => vukhf.dev\n    [HTTP_USER_AGENT] => Mozilla/5.0 (X11; Ubuntu; Linux x86_64; rv:29.0) Gecko/20100101 Firefox/29.0\n    [HTTP_ACCEPT] => text/html,application/xhtml+xml,application/xml;q=0.9,*/*;q=0.8\n    [HTTP_ACCEPT_LANGUAGE] => en-US,en;q=0.5\n    [HTTP_ACCEPT_ENCODING] => gzip, deflate\n    [HTTP_REFERER] => http://vukhf.dev/\n    [HTTP_COOKIE] => laravel_session=eyJpdiI6IjJaWFFNTFYzQTVtQXFMM251MmI4clpRVW93bkhSeVwvanE3K1pVaERyaEpvPSIsInZhbHVlIjoibGtKMDM3Tmw4Umk4OEhGQ1dmTnc4ZFhvN1RCdVk4Q04rZVhHWEx3N1J6Y1I1c09tUnU2b1hEeTlpNmFkQ1p2WkVnclN1N28wSGZFTno3TnNNUGFkeEE9PSIsIm1hYyI6ImIxMTk5ZTA2MjE2NDJjMTc3YTM0Mjk3NDk3NGU5OThiYzljOTk0YzcxNjZkNTBmMmE3Mjc3YmE3NmU0YWNhODMifQ%3D%3D\n    [HTTP_CONNECTION] => keep-alive\n    [HTTP_CACHE_CONTROL] => max-age=0\n    [PATH] => /usr/local/bin:/usr/bin:/bin\n    [SERVER_SIGNATURE] => <address>Apache/2.4.6 (Ubuntu) Server at vukhf.dev Port 80</address>\n\n    [SERVER_SOFTWARE] => Apache/2.4.6 (Ubuntu)\n    [SERVER_NAME] => vukhf.dev\n    [SERVER_ADDR] => 127.0.0.1\n    [SERVER_PORT] => 80\n    [REMOTE_ADDR] => 127.0.0.1\n    [DOCUMENT_ROOT] => /var/www/vukhf/public/\n    [REQUEST_SCHEME] => http\n    [CONTEXT_PREFIX] => \n    [CONTEXT_DOCUMENT_ROOT] => /var/www/vukhf/public/\n    [SERVER_ADMIN] => webmaster@localhost\n    [SCRIPT_FILENAME] => /var/www/vukhf/public/index.php\n    [REMOTE_PORT] => 60915\n    [REDIRECT_URL] => /level7.php\n    [GATEWAY_INTERFACE] => CGI/1.1\n    [SERVER_PROTOCOL] => HTTP/1.1\n    [REQUEST_METHOD] => GET\n    [QUERY_STRING] => \n    [REQUEST_URI] => /level7.php\n    [SCRIPT_NAME] => /index.php\n    [PHP_SELF] => /index.php\n    [REQUEST_TIME_FLOAT] => 1401135941.548\n    [REQUEST_TIME] => 1401135941\n)\n','Array\n(\n    [laravel_session] => eyJpdiI6IjJaWFFNTFYzQTVtQXFMM251MmI4clpRVW93bkhSeVwvanE3K1pVaERyaEpvPSIsInZhbHVlIjoibGtKMDM3Tmw4Umk4OEhGQ1dmTnc4ZFhvN1RCdVk4Q04rZVhHWEx3N1J6Y1I1c09tUnU2b1hEeTlpNmFkQ1p2WkVnclN1N28wSGZFTno3TnNNUGFkeEE9PSIsIm1hYyI6ImIxMTk5ZTA2MjE2NDJjMTc3YTM0Mjk3NDk3NGU5OThiYzljOTk0YzcxNjZkNTBmMmE3Mjc3YmE3NmU0YWNhODMifQ==\n)\n','','2014-05-26 17:25:41','2014-05-26 17:25:41'),(172,1,7,'Array\n(\n)\n','Array\n(\n)\n','Array\n(\n)\n','Array\n(\n    [REDIRECT_STATUS] => 200\n    [HTTP_HOST] => vukhf.dev\n    [HTTP_USER_AGENT] => Mozilla/5.0 (X11; Ubuntu; Linux x86_64; rv:29.0) Gecko/20100101 Firefox/29.0\n    [HTTP_ACCEPT] => text/html,application/xhtml+xml,application/xml;q=0.9,*/*;q=0.8\n    [HTTP_ACCEPT_LANGUAGE] => en-US,en;q=0.5\n    [HTTP_ACCEPT_ENCODING] => gzip, deflate\n    [HTTP_REFERER] => http://vukhf.dev/\n    [HTTP_COOKIE] => laravel_session=eyJpdiI6InVraTllUTN4a0pKMysxSzlMaWFSNTd4enB4M0prRTFuSWQ3K0hMQXFURjA9IiwidmFsdWUiOiI2VHd0ZWwxaGpMZGlzY0JlQzJaV2o0Y0pHcVp5WUlzelkzXC9hWVZGZ0FxSGJ2RHhaSFNkdmlTM1Q5SzN2UHpcL1NmY0FXSTljc01ENTVBVDM1KzRObXZRPT0iLCJtYWMiOiIxNWNiY2Q0MjQ3YjJjMmJkZDZhZTZiNzc2NDkzYThhZDIwMGM3NGY2Yjg5MWZjYmNkY2RjZjA4ZWQ2ODA4MzQ3In0%3D\n    [HTTP_CONNECTION] => keep-alive\n    [HTTP_CACHE_CONTROL] => max-age=0\n    [PATH] => /usr/local/bin:/usr/bin:/bin\n    [SERVER_SIGNATURE] => <address>Apache/2.4.6 (Ubuntu) Server at vukhf.dev Port 80</address>\n\n    [SERVER_SOFTWARE] => Apache/2.4.6 (Ubuntu)\n    [SERVER_NAME] => vukhf.dev\n    [SERVER_ADDR] => 127.0.0.1\n    [SERVER_PORT] => 80\n    [REMOTE_ADDR] => 127.0.0.1\n    [DOCUMENT_ROOT] => /var/www/vukhf/public/\n    [REQUEST_SCHEME] => http\n    [CONTEXT_PREFIX] => \n    [CONTEXT_DOCUMENT_ROOT] => /var/www/vukhf/public/\n    [SERVER_ADMIN] => webmaster@localhost\n    [SCRIPT_FILENAME] => /var/www/vukhf/public/index.php\n    [REMOTE_PORT] => 60915\n    [REDIRECT_URL] => /level7.php\n    [GATEWAY_INTERFACE] => CGI/1.1\n    [SERVER_PROTOCOL] => HTTP/1.1\n    [REQUEST_METHOD] => GET\n    [QUERY_STRING] => \n    [REQUEST_URI] => /level7.php\n    [SCRIPT_NAME] => /index.php\n    [PHP_SELF] => /index.php\n    [REQUEST_TIME_FLOAT] => 1401135942.628\n    [REQUEST_TIME] => 1401135942\n)\n','Array\n(\n    [laravel_session] => eyJpdiI6InVraTllUTN4a0pKMysxSzlMaWFSNTd4enB4M0prRTFuSWQ3K0hMQXFURjA9IiwidmFsdWUiOiI2VHd0ZWwxaGpMZGlzY0JlQzJaV2o0Y0pHcVp5WUlzelkzXC9hWVZGZ0FxSGJ2RHhaSFNkdmlTM1Q5SzN2UHpcL1NmY0FXSTljc01ENTVBVDM1KzRObXZRPT0iLCJtYWMiOiIxNWNiY2Q0MjQ3YjJjMmJkZDZhZTZiNzc2NDkzYThhZDIwMGM3NGY2Yjg5MWZjYmNkY2RjZjA4ZWQ2ODA4MzQ3In0=\n)\n','','2014-05-26 17:25:42','2014-05-26 17:25:42'),(173,1,7,'Array\n(\n)\n','Array\n(\n)\n','Array\n(\n)\n','Array\n(\n    [REDIRECT_STATUS] => 200\n    [HTTP_HOST] => vukhf.dev\n    [HTTP_USER_AGENT] => Mozilla/5.0 (X11; Ubuntu; Linux x86_64; rv:29.0) Gecko/20100101 Firefox/29.0\n    [HTTP_ACCEPT] => text/html,application/xhtml+xml,application/xml;q=0.9,*/*;q=0.8\n    [HTTP_ACCEPT_LANGUAGE] => en-US,en;q=0.5\n    [HTTP_ACCEPT_ENCODING] => gzip, deflate\n    [HTTP_REFERER] => http://vukhf.dev/\n    [HTTP_COOKIE] => laravel_session=eyJpdiI6IjBQcnF5RkFLWGg0dWg5dVV3dlZIME42T1FKclM5cmZcL0ZDNklJTU5SRitVPSIsInZhbHVlIjoiV3RRdlBzb3pMQ2ZqNXU2Y3VraUxvbVp1UUlZTmUrWHV5dEJrbGV3U2k0NTJkUG5ZVU9NSmVTZ0JZK1BiYmlYNXdmRXBtV0lQQWQ2S052WjBNNnlmTXc9PSIsIm1hYyI6ImFjMDEzN2M2N2Q4NTVmOWJjZTA2MTI4MjFlMTk3ZTQ3NTgxZWQwYmJiYTJlMGMzNDY3ZDRkNzcwZDhjZTUzY2YifQ%3D%3D\n    [HTTP_CONNECTION] => keep-alive\n    [HTTP_CACHE_CONTROL] => max-age=0\n    [PATH] => /usr/local/bin:/usr/bin:/bin\n    [SERVER_SIGNATURE] => <address>Apache/2.4.6 (Ubuntu) Server at vukhf.dev Port 80</address>\n\n    [SERVER_SOFTWARE] => Apache/2.4.6 (Ubuntu)\n    [SERVER_NAME] => vukhf.dev\n    [SERVER_ADDR] => 127.0.0.1\n    [SERVER_PORT] => 80\n    [REMOTE_ADDR] => 127.0.0.1\n    [DOCUMENT_ROOT] => /var/www/vukhf/public/\n    [REQUEST_SCHEME] => http\n    [CONTEXT_PREFIX] => \n    [CONTEXT_DOCUMENT_ROOT] => /var/www/vukhf/public/\n    [SERVER_ADMIN] => webmaster@localhost\n    [SCRIPT_FILENAME] => /var/www/vukhf/public/index.php\n    [REMOTE_PORT] => 60919\n    [REDIRECT_URL] => /level7.php\n    [GATEWAY_INTERFACE] => CGI/1.1\n    [SERVER_PROTOCOL] => HTTP/1.1\n    [REQUEST_METHOD] => GET\n    [QUERY_STRING] => \n    [REQUEST_URI] => /level7.php\n    [SCRIPT_NAME] => /index.php\n    [PHP_SELF] => /index.php\n    [REQUEST_TIME_FLOAT] => 1401135943.421\n    [REQUEST_TIME] => 1401135943\n)\n','Array\n(\n    [laravel_session] => eyJpdiI6IjBQcnF5RkFLWGg0dWg5dVV3dlZIME42T1FKclM5cmZcL0ZDNklJTU5SRitVPSIsInZhbHVlIjoiV3RRdlBzb3pMQ2ZqNXU2Y3VraUxvbVp1UUlZTmUrWHV5dEJrbGV3U2k0NTJkUG5ZVU9NSmVTZ0JZK1BiYmlYNXdmRXBtV0lQQWQ2S052WjBNNnlmTXc9PSIsIm1hYyI6ImFjMDEzN2M2N2Q4NTVmOWJjZTA2MTI4MjFlMTk3ZTQ3NTgxZWQwYmJiYTJlMGMzNDY3ZDRkNzcwZDhjZTUzY2YifQ==\n)\n','','2014-05-26 17:25:43','2014-05-26 17:25:43'),(174,1,7,'Array\n(\n)\n','Array\n(\n)\n','Array\n(\n)\n','Array\n(\n    [REDIRECT_STATUS] => 200\n    [HTTP_HOST] => vukhf.dev\n    [HTTP_USER_AGENT] => Mozilla/5.0 (X11; Ubuntu; Linux x86_64; rv:29.0) Gecko/20100101 Firefox/29.0\n    [HTTP_ACCEPT] => text/html,application/xhtml+xml,application/xml;q=0.9,*/*;q=0.8\n    [HTTP_ACCEPT_LANGUAGE] => en-US,en;q=0.5\n    [HTTP_ACCEPT_ENCODING] => gzip, deflate\n    [HTTP_REFERER] => http://vukhf.dev/\n    [HTTP_COOKIE] => laravel_session=eyJpdiI6IlN4TGc5MmRMamZqaXZKcERhdkJEUHR3YnpcL0VlUnltVXNnODlkQlB2RlJJPSIsInZhbHVlIjoiYzFVdlYyWGpPUlRvanROdlNmZ0g3VG05eWlxXC90Q1AwMGt0TFZKY0Y1eEZGUGJoc2dzR205Ym9KRzhNRVVXanlHbnVwVlc0WHF1Szg3YmdYMWlFU0R3PT0iLCJtYWMiOiIwZjczYTBjYmRkYmIwNDI3MTA5MzExMDk5MDQ5OGYyNTdmMDZjMzM1NWIwNTkzZTdkNmExYWJlMDFlNGYyZWIwIn0%3D\n    [HTTP_CONNECTION] => keep-alive\n    [HTTP_CACHE_CONTROL] => max-age=0\n    [PATH] => /usr/local/bin:/usr/bin:/bin\n    [SERVER_SIGNATURE] => <address>Apache/2.4.6 (Ubuntu) Server at vukhf.dev Port 80</address>\n\n    [SERVER_SOFTWARE] => Apache/2.4.6 (Ubuntu)\n    [SERVER_NAME] => vukhf.dev\n    [SERVER_ADDR] => 127.0.0.1\n    [SERVER_PORT] => 80\n    [REMOTE_ADDR] => 127.0.0.1\n    [DOCUMENT_ROOT] => /var/www/vukhf/public/\n    [REQUEST_SCHEME] => http\n    [CONTEXT_PREFIX] => \n    [CONTEXT_DOCUMENT_ROOT] => /var/www/vukhf/public/\n    [SERVER_ADMIN] => webmaster@localhost\n    [SCRIPT_FILENAME] => /var/www/vukhf/public/index.php\n    [REMOTE_PORT] => 60919\n    [REDIRECT_URL] => /level7.php\n    [GATEWAY_INTERFACE] => CGI/1.1\n    [SERVER_PROTOCOL] => HTTP/1.1\n    [REQUEST_METHOD] => GET\n    [QUERY_STRING] => \n    [REQUEST_URI] => /level7.php\n    [SCRIPT_NAME] => /index.php\n    [PHP_SELF] => /index.php\n    [REQUEST_TIME_FLOAT] => 1401135944.356\n    [REQUEST_TIME] => 1401135944\n)\n','Array\n(\n    [laravel_session] => eyJpdiI6IlN4TGc5MmRMamZqaXZKcERhdkJEUHR3YnpcL0VlUnltVXNnODlkQlB2RlJJPSIsInZhbHVlIjoiYzFVdlYyWGpPUlRvanROdlNmZ0g3VG05eWlxXC90Q1AwMGt0TFZKY0Y1eEZGUGJoc2dzR205Ym9KRzhNRVVXanlHbnVwVlc0WHF1Szg3YmdYMWlFU0R3PT0iLCJtYWMiOiIwZjczYTBjYmRkYmIwNDI3MTA5MzExMDk5MDQ5OGYyNTdmMDZjMzM1NWIwNTkzZTdkNmExYWJlMDFlNGYyZWIwIn0=\n)\n','','2014-05-26 17:25:44','2014-05-26 17:25:44'),(175,1,7,'Array\n(\n)\n','Array\n(\n)\n','Array\n(\n)\n','Array\n(\n    [REDIRECT_STATUS] => 200\n    [HTTP_HOST] => vukhf.dev\n    [HTTP_USER_AGENT] => Mozilla/5.0 (X11; Ubuntu; Linux x86_64; rv:29.0) Gecko/20100101 Firefox/29.0\n    [HTTP_ACCEPT] => text/html,application/xhtml+xml,application/xml;q=0.9,*/*;q=0.8\n    [HTTP_ACCEPT_LANGUAGE] => en-US,en;q=0.5\n    [HTTP_ACCEPT_ENCODING] => gzip, deflate\n    [HTTP_REFERER] => http://vukhf.dev/\n    [HTTP_COOKIE] => laravel_session=eyJpdiI6Ik5halB1XC85Zk11Y2t6MWJTU1ZnNjZkVDdLR0NCM1ZJY1BvSE1jZ2xEcVBVPSIsInZhbHVlIjoia1lnQnBjNFVCR1JGVTBCaXFBaWtMTWU0aTBVYVE3a3ZERUNIa09YNzlJdE9VcW1QekNZUkk5U2hObEpzTU9SODFjY095aUQrRzQwYlJBM3lUY05ScGc9PSIsIm1hYyI6IjAyZDUyYTE3YjAyNzg5ZTFmMWM0NmQ2ZWUwZWIzNjUwNmUyNDBiYjIyODgzY2JkMjBhYThjMDEzYjU1MDg1OTYifQ%3D%3D\n    [HTTP_CONNECTION] => keep-alive\n    [HTTP_CACHE_CONTROL] => max-age=0\n    [PATH] => /usr/local/bin:/usr/bin:/bin\n    [SERVER_SIGNATURE] => <address>Apache/2.4.6 (Ubuntu) Server at vukhf.dev Port 80</address>\n\n    [SERVER_SOFTWARE] => Apache/2.4.6 (Ubuntu)\n    [SERVER_NAME] => vukhf.dev\n    [SERVER_ADDR] => 127.0.0.1\n    [SERVER_PORT] => 80\n    [REMOTE_ADDR] => 127.0.0.1\n    [DOCUMENT_ROOT] => /var/www/vukhf/public/\n    [REQUEST_SCHEME] => http\n    [CONTEXT_PREFIX] => \n    [CONTEXT_DOCUMENT_ROOT] => /var/www/vukhf/public/\n    [SERVER_ADMIN] => webmaster@localhost\n    [SCRIPT_FILENAME] => /var/www/vukhf/public/index.php\n    [REMOTE_PORT] => 60915\n    [REDIRECT_URL] => /level7.php\n    [GATEWAY_INTERFACE] => CGI/1.1\n    [SERVER_PROTOCOL] => HTTP/1.1\n    [REQUEST_METHOD] => GET\n    [QUERY_STRING] => \n    [REQUEST_URI] => /level7.php\n    [SCRIPT_NAME] => /index.php\n    [PHP_SELF] => /index.php\n    [REQUEST_TIME_FLOAT] => 1401135945.189\n    [REQUEST_TIME] => 1401135945\n)\n','Array\n(\n    [laravel_session] => eyJpdiI6Ik5halB1XC85Zk11Y2t6MWJTU1ZnNjZkVDdLR0NCM1ZJY1BvSE1jZ2xEcVBVPSIsInZhbHVlIjoia1lnQnBjNFVCR1JGVTBCaXFBaWtMTWU0aTBVYVE3a3ZERUNIa09YNzlJdE9VcW1QekNZUkk5U2hObEpzTU9SODFjY095aUQrRzQwYlJBM3lUY05ScGc9PSIsIm1hYyI6IjAyZDUyYTE3YjAyNzg5ZTFmMWM0NmQ2ZWUwZWIzNjUwNmUyNDBiYjIyODgzY2JkMjBhYThjMDEzYjU1MDg1OTYifQ==\n)\n','','2014-05-26 17:25:45','2014-05-26 17:25:45'),(176,1,7,'Array\n(\n)\n','Array\n(\n)\n','Array\n(\n)\n','Array\n(\n    [REDIRECT_STATUS] => 200\n    [HTTP_HOST] => vukhf.dev\n    [HTTP_USER_AGENT] => Mozilla/5.0 (X11; Ubuntu; Linux x86_64; rv:29.0) Gecko/20100101 Firefox/29.0\n    [HTTP_ACCEPT] => text/html,application/xhtml+xml,application/xml;q=0.9,*/*;q=0.8\n    [HTTP_ACCEPT_LANGUAGE] => en-US,en;q=0.5\n    [HTTP_ACCEPT_ENCODING] => gzip, deflate\n    [HTTP_REFERER] => http://vukhf.dev/\n    [HTTP_COOKIE] => laravel_session=eyJpdiI6IlNkMmI1YUZUQVQ3M3VuK1h4Uk92RXJEcUlFeUl5TmlaVTA3VzhcLzRYWXJVPSIsInZhbHVlIjoiWDg1YWQzQzZcL0VrOW04WEdOQmFnQ2dGNHloNFhveXJpQ0VZSGZaN1RreFFNNDF3UUxCUmtNQVdMc0dZaUJXKzRSYUZDSVVMeENjOHpuXC9PcnNUQzdcL0E9PSIsIm1hYyI6IjIwYTBjZjI3ZmU1N2NjY2Q3NmQwNzQzMjFlYzhjODQ4NmFmMjc5MzQ1MzMzZDk5Y2U4OTQ1Yjk2NDU2MzI0NWMifQ%3D%3D\n    [HTTP_CONNECTION] => keep-alive\n    [HTTP_CACHE_CONTROL] => max-age=0\n    [PATH] => /usr/local/bin:/usr/bin:/bin\n    [SERVER_SIGNATURE] => <address>Apache/2.4.6 (Ubuntu) Server at vukhf.dev Port 80</address>\n\n    [SERVER_SOFTWARE] => Apache/2.4.6 (Ubuntu)\n    [SERVER_NAME] => vukhf.dev\n    [SERVER_ADDR] => 127.0.0.1\n    [SERVER_PORT] => 80\n    [REMOTE_ADDR] => 127.0.0.1\n    [DOCUMENT_ROOT] => /var/www/vukhf/public/\n    [REQUEST_SCHEME] => http\n    [CONTEXT_PREFIX] => \n    [CONTEXT_DOCUMENT_ROOT] => /var/www/vukhf/public/\n    [SERVER_ADMIN] => webmaster@localhost\n    [SCRIPT_FILENAME] => /var/www/vukhf/public/index.php\n    [REMOTE_PORT] => 60919\n    [REDIRECT_URL] => /level7.php\n    [GATEWAY_INTERFACE] => CGI/1.1\n    [SERVER_PROTOCOL] => HTTP/1.1\n    [REQUEST_METHOD] => GET\n    [QUERY_STRING] => \n    [REQUEST_URI] => /level7.php\n    [SCRIPT_NAME] => /index.php\n    [PHP_SELF] => /index.php\n    [REQUEST_TIME_FLOAT] => 1401135945.964\n    [REQUEST_TIME] => 1401135945\n)\n','Array\n(\n    [laravel_session] => eyJpdiI6IlNkMmI1YUZUQVQ3M3VuK1h4Uk92RXJEcUlFeUl5TmlaVTA3VzhcLzRYWXJVPSIsInZhbHVlIjoiWDg1YWQzQzZcL0VrOW04WEdOQmFnQ2dGNHloNFhveXJpQ0VZSGZaN1RreFFNNDF3UUxCUmtNQVdMc0dZaUJXKzRSYUZDSVVMeENjOHpuXC9PcnNUQzdcL0E9PSIsIm1hYyI6IjIwYTBjZjI3ZmU1N2NjY2Q3NmQwNzQzMjFlYzhjODQ4NmFmMjc5MzQ1MzMzZDk5Y2U4OTQ1Yjk2NDU2MzI0NWMifQ==\n)\n','','2014-05-26 17:25:46','2014-05-26 17:25:46'),(177,1,7,'Array\n(\n)\n','Array\n(\n)\n','Array\n(\n)\n','Array\n(\n    [REDIRECT_STATUS] => 200\n    [HTTP_HOST] => vukhf.dev\n    [HTTP_USER_AGENT] => Mozilla/5.0 (X11; Ubuntu; Linux x86_64; rv:29.0) Gecko/20100101 Firefox/29.0\n    [HTTP_ACCEPT] => text/html,application/xhtml+xml,application/xml;q=0.9,*/*;q=0.8\n    [HTTP_ACCEPT_LANGUAGE] => en-US,en;q=0.5\n    [HTTP_ACCEPT_ENCODING] => gzip, deflate\n    [HTTP_REFERER] => http://vukhf.dev/\n    [HTTP_COOKIE] => laravel_session=eyJpdiI6IjdzS084cHNRTnNNcHdoMmhsalhkQW5XakdEUWN0cWN4K2JRNlc3WHBvTGc9IiwidmFsdWUiOiIwcUl0SEJ3NkxXMnhiRnlZVnR4MWhoU25TRG0xd3l5cTVXNnRVYnNVU3BFSk0xUTg1S2tmaUs0UlNCa0EzSXFtakJcL3ljUDltbXR5MlVOaFBPN2lQdVE9PSIsIm1hYyI6IjY1OTg2NWExMmM2ODVmZWM3OGEzMGYyNmE3ZTZmZTdlZDU5MzY5MjNjN2FlNDNhY2NhNWJhZTBmMGYxMmQ2NTMifQ%3D%3D\n    [HTTP_CONNECTION] => keep-alive\n    [HTTP_CACHE_CONTROL] => max-age=0\n    [PATH] => /usr/local/bin:/usr/bin:/bin\n    [SERVER_SIGNATURE] => <address>Apache/2.4.6 (Ubuntu) Server at vukhf.dev Port 80</address>\n\n    [SERVER_SOFTWARE] => Apache/2.4.6 (Ubuntu)\n    [SERVER_NAME] => vukhf.dev\n    [SERVER_ADDR] => 127.0.0.1\n    [SERVER_PORT] => 80\n    [REMOTE_ADDR] => 127.0.0.1\n    [DOCUMENT_ROOT] => /var/www/vukhf/public/\n    [REQUEST_SCHEME] => http\n    [CONTEXT_PREFIX] => \n    [CONTEXT_DOCUMENT_ROOT] => /var/www/vukhf/public/\n    [SERVER_ADMIN] => webmaster@localhost\n    [SCRIPT_FILENAME] => /var/www/vukhf/public/index.php\n    [REMOTE_PORT] => 60915\n    [REDIRECT_URL] => /level7.php\n    [GATEWAY_INTERFACE] => CGI/1.1\n    [SERVER_PROTOCOL] => HTTP/1.1\n    [REQUEST_METHOD] => GET\n    [QUERY_STRING] => \n    [REQUEST_URI] => /level7.php\n    [SCRIPT_NAME] => /index.php\n    [PHP_SELF] => /index.php\n    [REQUEST_TIME_FLOAT] => 1401135946.735\n    [REQUEST_TIME] => 1401135946\n)\n','Array\n(\n    [laravel_session] => eyJpdiI6IjdzS084cHNRTnNNcHdoMmhsalhkQW5XakdEUWN0cWN4K2JRNlc3WHBvTGc9IiwidmFsdWUiOiIwcUl0SEJ3NkxXMnhiRnlZVnR4MWhoU25TRG0xd3l5cTVXNnRVYnNVU3BFSk0xUTg1S2tmaUs0UlNCa0EzSXFtakJcL3ljUDltbXR5MlVOaFBPN2lQdVE9PSIsIm1hYyI6IjY1OTg2NWExMmM2ODVmZWM3OGEzMGYyNmE3ZTZmZTdlZDU5MzY5MjNjN2FlNDNhY2NhNWJhZTBmMGYxMmQ2NTMifQ==\n)\n','','2014-05-26 17:25:46','2014-05-26 17:25:46'),(178,1,7,'Array\n(\n)\n','Array\n(\n)\n','Array\n(\n)\n','Array\n(\n    [REDIRECT_STATUS] => 200\n    [HTTP_HOST] => vukhf.dev\n    [HTTP_USER_AGENT] => Mozilla/5.0 (X11; Ubuntu; Linux x86_64; rv:29.0) Gecko/20100101 Firefox/29.0\n    [HTTP_ACCEPT] => text/html,application/xhtml+xml,application/xml;q=0.9,*/*;q=0.8\n    [HTTP_ACCEPT_LANGUAGE] => en-US,en;q=0.5\n    [HTTP_ACCEPT_ENCODING] => gzip, deflate\n    [HTTP_REFERER] => http://vukhf.dev/\n    [HTTP_COOKIE] => laravel_session=eyJpdiI6IlhNbWhSTTVDQUpadmZ2ZHd6bmtldXd3UmVtQytCcHZlOGlUWVRzK2FVeGs9IiwidmFsdWUiOiJmYmVMYWhHbHY2SGhiaEJBeGdVTXk0dWJCcktLNlJ4N1ordHcrc05iMVdMeVwvVVJQTzZcLzFPUFFjK1BYN3RKcnpWYTZhVVBlRm84eEhIY2FzZHBkdlZBPT0iLCJtYWMiOiIwMWFmZmU5ZjcwYWI1NTAwNDcyZjQ2MjNhZWQxZjEwMGU0Y2JiODQwMzY0ZjNjYjgzYzY2ODFmMThiM2MxNWNiIn0%3D\n    [HTTP_CONNECTION] => keep-alive\n    [HTTP_CACHE_CONTROL] => max-age=0\n    [PATH] => /usr/local/bin:/usr/bin:/bin\n    [SERVER_SIGNATURE] => <address>Apache/2.4.6 (Ubuntu) Server at vukhf.dev Port 80</address>\n\n    [SERVER_SOFTWARE] => Apache/2.4.6 (Ubuntu)\n    [SERVER_NAME] => vukhf.dev\n    [SERVER_ADDR] => 127.0.0.1\n    [SERVER_PORT] => 80\n    [REMOTE_ADDR] => 127.0.0.1\n    [DOCUMENT_ROOT] => /var/www/vukhf/public/\n    [REQUEST_SCHEME] => http\n    [CONTEXT_PREFIX] => \n    [CONTEXT_DOCUMENT_ROOT] => /var/www/vukhf/public/\n    [SERVER_ADMIN] => webmaster@localhost\n    [SCRIPT_FILENAME] => /var/www/vukhf/public/index.php\n    [REMOTE_PORT] => 60915\n    [REDIRECT_URL] => /level7.php\n    [GATEWAY_INTERFACE] => CGI/1.1\n    [SERVER_PROTOCOL] => HTTP/1.1\n    [REQUEST_METHOD] => GET\n    [QUERY_STRING] => \n    [REQUEST_URI] => /level7.php\n    [SCRIPT_NAME] => /index.php\n    [PHP_SELF] => /index.php\n    [REQUEST_TIME_FLOAT] => 1401135947.598\n    [REQUEST_TIME] => 1401135947\n)\n','Array\n(\n    [laravel_session] => eyJpdiI6IlhNbWhSTTVDQUpadmZ2ZHd6bmtldXd3UmVtQytCcHZlOGlUWVRzK2FVeGs9IiwidmFsdWUiOiJmYmVMYWhHbHY2SGhiaEJBeGdVTXk0dWJCcktLNlJ4N1ordHcrc05iMVdMeVwvVVJQTzZcLzFPUFFjK1BYN3RKcnpWYTZhVVBlRm84eEhIY2FzZHBkdlZBPT0iLCJtYWMiOiIwMWFmZmU5ZjcwYWI1NTAwNDcyZjQ2MjNhZWQxZjEwMGU0Y2JiODQwMzY0ZjNjYjgzYzY2ODFmMThiM2MxNWNiIn0=\n)\n','','2014-05-26 17:25:47','2014-05-26 17:25:47'),(179,1,7,'Array\n(\n)\n','Array\n(\n)\n','Array\n(\n)\n','Array\n(\n    [REDIRECT_STATUS] => 200\n    [HTTP_HOST] => vukhf.dev\n    [HTTP_USER_AGENT] => Mozilla/5.0 (X11; Ubuntu; Linux x86_64; rv:29.0) Gecko/20100101 Firefox/29.0\n    [HTTP_ACCEPT] => text/html,application/xhtml+xml,application/xml;q=0.9,*/*;q=0.8\n    [HTTP_ACCEPT_LANGUAGE] => en-US,en;q=0.5\n    [HTTP_ACCEPT_ENCODING] => gzip, deflate\n    [HTTP_REFERER] => http://vukhf.dev/\n    [HTTP_COOKIE] => laravel_session=eyJpdiI6IklWY0RkZUZqSHZ4UXBDYU9nZkdOREtwTXREZXhHaUpjaFdRSnVURnFcLzk0PSIsInZhbHVlIjoidmwzSjB0XC92a3JleTRocTZVejJHcTA5T1pOblwvR3pqVEwyWTJrMlZQOVwvcXhDQm1uU05cLzkydWNwUVhXN0hxSlpaa2hQN2hrTnVENVRVZEw1bnhJVENBPT0iLCJtYWMiOiI0ODJjZDg2NDM4NmQ2NzhjYzI3ZTBiZmY4MGM0OGFiMTNkYTg0MTUyODg0MjFlZTU0MjFiMDVhN2M1YzQ5ZjkyIn0%3D\n    [HTTP_CONNECTION] => keep-alive\n    [HTTP_CACHE_CONTROL] => max-age=0\n    [PATH] => /usr/local/bin:/usr/bin:/bin\n    [SERVER_SIGNATURE] => <address>Apache/2.4.6 (Ubuntu) Server at vukhf.dev Port 80</address>\n\n    [SERVER_SOFTWARE] => Apache/2.4.6 (Ubuntu)\n    [SERVER_NAME] => vukhf.dev\n    [SERVER_ADDR] => 127.0.0.1\n    [SERVER_PORT] => 80\n    [REMOTE_ADDR] => 127.0.0.1\n    [DOCUMENT_ROOT] => /var/www/vukhf/public/\n    [REQUEST_SCHEME] => http\n    [CONTEXT_PREFIX] => \n    [CONTEXT_DOCUMENT_ROOT] => /var/www/vukhf/public/\n    [SERVER_ADMIN] => webmaster@localhost\n    [SCRIPT_FILENAME] => /var/www/vukhf/public/index.php\n    [REMOTE_PORT] => 60919\n    [REDIRECT_URL] => /level7.php\n    [GATEWAY_INTERFACE] => CGI/1.1\n    [SERVER_PROTOCOL] => HTTP/1.1\n    [REQUEST_METHOD] => GET\n    [QUERY_STRING] => \n    [REQUEST_URI] => /level7.php\n    [SCRIPT_NAME] => /index.php\n    [PHP_SELF] => /index.php\n    [REQUEST_TIME_FLOAT] => 1401135948.413\n    [REQUEST_TIME] => 1401135948\n)\n','Array\n(\n    [laravel_session] => eyJpdiI6IklWY0RkZUZqSHZ4UXBDYU9nZkdOREtwTXREZXhHaUpjaFdRSnVURnFcLzk0PSIsInZhbHVlIjoidmwzSjB0XC92a3JleTRocTZVejJHcTA5T1pOblwvR3pqVEwyWTJrMlZQOVwvcXhDQm1uU05cLzkydWNwUVhXN0hxSlpaa2hQN2hrTnVENVRVZEw1bnhJVENBPT0iLCJtYWMiOiI0ODJjZDg2NDM4NmQ2NzhjYzI3ZTBiZmY4MGM0OGFiMTNkYTg0MTUyODg0MjFlZTU0MjFiMDVhN2M1YzQ5ZjkyIn0=\n)\n','','2014-05-26 17:25:48','2014-05-26 17:25:48'),(180,1,7,'Array\n(\n)\n','Array\n(\n)\n','Array\n(\n)\n','Array\n(\n    [REDIRECT_STATUS] => 200\n    [HTTP_HOST] => vukhf.dev\n    [HTTP_USER_AGENT] => Mozilla/5.0 (X11; Ubuntu; Linux x86_64; rv:29.0) Gecko/20100101 Firefox/29.0\n    [HTTP_ACCEPT] => text/html,application/xhtml+xml,application/xml;q=0.9,*/*;q=0.8\n    [HTTP_ACCEPT_LANGUAGE] => en-US,en;q=0.5\n    [HTTP_ACCEPT_ENCODING] => gzip, deflate\n    [HTTP_REFERER] => http://vukhf.dev/\n    [HTTP_COOKIE] => laravel_session=eyJpdiI6IjE0Y1E4bjQ3WVdpU2pFSWNBVGZnaEhjVDhDREhqM0JtenMzdnFyUmtxdHc9IiwidmFsdWUiOiJZTkRTTFlCTTdYTHpHN1B3MmVYR0xDWTdDYmZmK3RCd0Zya0FYSyt0dHhkNjZHWWorQk5YM05acDRYU2JUaEF3Mit3VlIrUzJrNmJ0eEdEa1A1cWN3UT09IiwibWFjIjoiMjI2OTM3ZjU2OWY4N2E5NTI0YjE2Nzc3MmE4Mjg4YjlkY2YzMzc5YmQ0NGU3YzQ5YjA0YzYyOWY2YjlhN2FmZiJ9\n    [HTTP_CONNECTION] => keep-alive\n    [HTTP_CACHE_CONTROL] => max-age=0\n    [PATH] => /usr/local/bin:/usr/bin:/bin\n    [SERVER_SIGNATURE] => <address>Apache/2.4.6 (Ubuntu) Server at vukhf.dev Port 80</address>\n\n    [SERVER_SOFTWARE] => Apache/2.4.6 (Ubuntu)\n    [SERVER_NAME] => vukhf.dev\n    [SERVER_ADDR] => 127.0.0.1\n    [SERVER_PORT] => 80\n    [REMOTE_ADDR] => 127.0.0.1\n    [DOCUMENT_ROOT] => /var/www/vukhf/public/\n    [REQUEST_SCHEME] => http\n    [CONTEXT_PREFIX] => \n    [CONTEXT_DOCUMENT_ROOT] => /var/www/vukhf/public/\n    [SERVER_ADMIN] => webmaster@localhost\n    [SCRIPT_FILENAME] => /var/www/vukhf/public/index.php\n    [REMOTE_PORT] => 60919\n    [REDIRECT_URL] => /level7.php\n    [GATEWAY_INTERFACE] => CGI/1.1\n    [SERVER_PROTOCOL] => HTTP/1.1\n    [REQUEST_METHOD] => GET\n    [QUERY_STRING] => \n    [REQUEST_URI] => /level7.php\n    [SCRIPT_NAME] => /index.php\n    [PHP_SELF] => /index.php\n    [REQUEST_TIME_FLOAT] => 1401135949.226\n    [REQUEST_TIME] => 1401135949\n)\n','Array\n(\n    [laravel_session] => eyJpdiI6IjE0Y1E4bjQ3WVdpU2pFSWNBVGZnaEhjVDhDREhqM0JtenMzdnFyUmtxdHc9IiwidmFsdWUiOiJZTkRTTFlCTTdYTHpHN1B3MmVYR0xDWTdDYmZmK3RCd0Zya0FYSyt0dHhkNjZHWWorQk5YM05acDRYU2JUaEF3Mit3VlIrUzJrNmJ0eEdEa1A1cWN3UT09IiwibWFjIjoiMjI2OTM3ZjU2OWY4N2E5NTI0YjE2Nzc3MmE4Mjg4YjlkY2YzMzc5YmQ0NGU3YzQ5YjA0YzYyOWY2YjlhN2FmZiJ9\n)\n','','2014-05-26 17:25:49','2014-05-26 17:25:49'),(181,1,7,'Array\n(\n)\n','Array\n(\n)\n','Array\n(\n)\n','Array\n(\n    [REDIRECT_STATUS] => 200\n    [HTTP_HOST] => vukhf.dev\n    [HTTP_USER_AGENT] => Mozilla/5.0 (X11; Ubuntu; Linux x86_64; rv:29.0) Gecko/20100101 Firefox/29.0\n    [HTTP_ACCEPT] => text/html,application/xhtml+xml,application/xml;q=0.9,*/*;q=0.8\n    [HTTP_ACCEPT_LANGUAGE] => en-US,en;q=0.5\n    [HTTP_ACCEPT_ENCODING] => gzip, deflate\n    [HTTP_REFERER] => http://vukhf.dev/\n    [HTTP_COOKIE] => laravel_session=eyJpdiI6InlPQ0lDRG1SanJ2azVvdllIWUgydnZ1cU9nWE5naWRxelh0VTV5QlIzMW89IiwidmFsdWUiOiJLZUtnQklYbUM5SmVcL2QrZ2FmUVwvQmlERlNlV2VHY0FabEFhM1RLNUxwcUdCXC9laDVRM1pUUE4rV2VZZmZGQXRidlhuY0ZJM0RGclA5eVVHamVncDNMdz09IiwibWFjIjoiOTdhMDYyNTE4ZjE2OGU2YmY5OWRkYWQxZDRhN2ZlMzNmOTU0NWQ1MWQxMjEzOGNmNTI0MmFjYmE0Zjg0Y2Q5MiJ9\n    [HTTP_CONNECTION] => keep-alive\n    [HTTP_CACHE_CONTROL] => max-age=0\n    [PATH] => /usr/local/bin:/usr/bin:/bin\n    [SERVER_SIGNATURE] => <address>Apache/2.4.6 (Ubuntu) Server at vukhf.dev Port 80</address>\n\n    [SERVER_SOFTWARE] => Apache/2.4.6 (Ubuntu)\n    [SERVER_NAME] => vukhf.dev\n    [SERVER_ADDR] => 127.0.0.1\n    [SERVER_PORT] => 80\n    [REMOTE_ADDR] => 127.0.0.1\n    [DOCUMENT_ROOT] => /var/www/vukhf/public/\n    [REQUEST_SCHEME] => http\n    [CONTEXT_PREFIX] => \n    [CONTEXT_DOCUMENT_ROOT] => /var/www/vukhf/public/\n    [SERVER_ADMIN] => webmaster@localhost\n    [SCRIPT_FILENAME] => /var/www/vukhf/public/index.php\n    [REMOTE_PORT] => 60915\n    [REDIRECT_URL] => /level7.php\n    [GATEWAY_INTERFACE] => CGI/1.1\n    [SERVER_PROTOCOL] => HTTP/1.1\n    [REQUEST_METHOD] => GET\n    [QUERY_STRING] => \n    [REQUEST_URI] => /level7.php\n    [SCRIPT_NAME] => /index.php\n    [PHP_SELF] => /index.php\n    [REQUEST_TIME_FLOAT] => 1401135949.984\n    [REQUEST_TIME] => 1401135949\n)\n','Array\n(\n    [laravel_session] => eyJpdiI6InlPQ0lDRG1SanJ2azVvdllIWUgydnZ1cU9nWE5naWRxelh0VTV5QlIzMW89IiwidmFsdWUiOiJLZUtnQklYbUM5SmVcL2QrZ2FmUVwvQmlERlNlV2VHY0FabEFhM1RLNUxwcUdCXC9laDVRM1pUUE4rV2VZZmZGQXRidlhuY0ZJM0RGclA5eVVHamVncDNMdz09IiwibWFjIjoiOTdhMDYyNTE4ZjE2OGU2YmY5OWRkYWQxZDRhN2ZlMzNmOTU0NWQ1MWQxMjEzOGNmNTI0MmFjYmE0Zjg0Y2Q5MiJ9\n)\n','','2014-05-26 17:25:50','2014-05-26 17:25:50'),(182,1,7,'Array\n(\n)\n','Array\n(\n)\n','Array\n(\n)\n','Array\n(\n    [REDIRECT_STATUS] => 200\n    [HTTP_HOST] => vukhf.dev\n    [HTTP_USER_AGENT] => Mozilla/5.0 (X11; Ubuntu; Linux x86_64; rv:29.0) Gecko/20100101 Firefox/29.0\n    [HTTP_ACCEPT] => text/html,application/xhtml+xml,application/xml;q=0.9,*/*;q=0.8\n    [HTTP_ACCEPT_LANGUAGE] => en-US,en;q=0.5\n    [HTTP_ACCEPT_ENCODING] => gzip, deflate\n    [HTTP_REFERER] => http://vukhf.dev/\n    [HTTP_COOKIE] => laravel_session=eyJpdiI6ImtRcUI1TG9NXC9Db1k1eHN5VVRFa0xJWFRXZkNkMkdMS0ZqMVl6WWZXbkRVPSIsInZhbHVlIjoidUljcjJkNzMzQlwvSFJpZjVGZ255UXdsRGFtbDUzV2hRVlhJQ2hQd1wvWnhkUDlONzNcLzNRR2VCSys5SHo1Z2hMQ1hBdHo3ZFIyOWdBRUY0SUFFNVpLYUE9PSIsIm1hYyI6IjJhNWQ3ZmIzMDY1ODQ1YjUxY2ZkNGE3YjQ5NGNkNDc2OTE3ZWNmNTZiYWQ5Njg0NWQ2OGIxNDFjOWJlODAxZDkifQ%3D%3D\n    [HTTP_CONNECTION] => keep-alive\n    [HTTP_CACHE_CONTROL] => max-age=0\n    [PATH] => /usr/local/bin:/usr/bin:/bin\n    [SERVER_SIGNATURE] => <address>Apache/2.4.6 (Ubuntu) Server at vukhf.dev Port 80</address>\n\n    [SERVER_SOFTWARE] => Apache/2.4.6 (Ubuntu)\n    [SERVER_NAME] => vukhf.dev\n    [SERVER_ADDR] => 127.0.0.1\n    [SERVER_PORT] => 80\n    [REMOTE_ADDR] => 127.0.0.1\n    [DOCUMENT_ROOT] => /var/www/vukhf/public/\n    [REQUEST_SCHEME] => http\n    [CONTEXT_PREFIX] => \n    [CONTEXT_DOCUMENT_ROOT] => /var/www/vukhf/public/\n    [SERVER_ADMIN] => webmaster@localhost\n    [SCRIPT_FILENAME] => /var/www/vukhf/public/index.php\n    [REMOTE_PORT] => 60915\n    [REDIRECT_URL] => /level7.php\n    [GATEWAY_INTERFACE] => CGI/1.1\n    [SERVER_PROTOCOL] => HTTP/1.1\n    [REQUEST_METHOD] => GET\n    [QUERY_STRING] => \n    [REQUEST_URI] => /level7.php\n    [SCRIPT_NAME] => /index.php\n    [PHP_SELF] => /index.php\n    [REQUEST_TIME_FLOAT] => 1401135950.75\n    [REQUEST_TIME] => 1401135950\n)\n','Array\n(\n    [laravel_session] => eyJpdiI6ImtRcUI1TG9NXC9Db1k1eHN5VVRFa0xJWFRXZkNkMkdMS0ZqMVl6WWZXbkRVPSIsInZhbHVlIjoidUljcjJkNzMzQlwvSFJpZjVGZ255UXdsRGFtbDUzV2hRVlhJQ2hQd1wvWnhkUDlONzNcLzNRR2VCSys5SHo1Z2hMQ1hBdHo3ZFIyOWdBRUY0SUFFNVpLYUE9PSIsIm1hYyI6IjJhNWQ3ZmIzMDY1ODQ1YjUxY2ZkNGE3YjQ5NGNkNDc2OTE3ZWNmNTZiYWQ5Njg0NWQ2OGIxNDFjOWJlODAxZDkifQ==\n)\n','','2014-05-26 17:25:50','2014-05-26 17:25:50'),(183,1,7,'Array\n(\n)\n','Array\n(\n)\n','Array\n(\n)\n','Array\n(\n    [REDIRECT_STATUS] => 200\n    [HTTP_HOST] => vukhf.dev\n    [HTTP_USER_AGENT] => Mozilla/5.0 (X11; Ubuntu; Linux x86_64; rv:29.0) Gecko/20100101 Firefox/29.0\n    [HTTP_ACCEPT] => text/html,application/xhtml+xml,application/xml;q=0.9,*/*;q=0.8\n    [HTTP_ACCEPT_LANGUAGE] => en-US,en;q=0.5\n    [HTTP_ACCEPT_ENCODING] => gzip, deflate\n    [HTTP_REFERER] => http://vukhf.dev/\n    [HTTP_COOKIE] => laravel_session=eyJpdiI6IklcL1lDZmh6QWF2ODEya1g2OW1JWGRSaFVZcXZIdk5GUG1UWVRUcHI5QzNFPSIsInZhbHVlIjoibnRlN3ZkTU84KzlaU1pnYytKeU9PZXZpSEdCVTRoZUtTVVNFamM1dVRvcEc0dUdibnNGZjhhOUpqeHZTbnUyYkkyZmd6dEV4MHlWRUZwV0lhXC8zNG13PT0iLCJtYWMiOiIxMWI2OTA4NzYzYmJlNDQ4OGYzMWM0ZTgzMzA0Nzg2MTRlN2JiZWM4NjA1YzFkMzU1ZDE5OWNlM2VjZWNlYjIxIn0%3D\n    [HTTP_CONNECTION] => keep-alive\n    [HTTP_CACHE_CONTROL] => max-age=0\n    [PATH] => /usr/local/bin:/usr/bin:/bin\n    [SERVER_SIGNATURE] => <address>Apache/2.4.6 (Ubuntu) Server at vukhf.dev Port 80</address>\n\n    [SERVER_SOFTWARE] => Apache/2.4.6 (Ubuntu)\n    [SERVER_NAME] => vukhf.dev\n    [SERVER_ADDR] => 127.0.0.1\n    [SERVER_PORT] => 80\n    [REMOTE_ADDR] => 127.0.0.1\n    [DOCUMENT_ROOT] => /var/www/vukhf/public/\n    [REQUEST_SCHEME] => http\n    [CONTEXT_PREFIX] => \n    [CONTEXT_DOCUMENT_ROOT] => /var/www/vukhf/public/\n    [SERVER_ADMIN] => webmaster@localhost\n    [SCRIPT_FILENAME] => /var/www/vukhf/public/index.php\n    [REMOTE_PORT] => 60915\n    [REDIRECT_URL] => /level7.php\n    [GATEWAY_INTERFACE] => CGI/1.1\n    [SERVER_PROTOCOL] => HTTP/1.1\n    [REQUEST_METHOD] => GET\n    [QUERY_STRING] => \n    [REQUEST_URI] => /level7.php\n    [SCRIPT_NAME] => /index.php\n    [PHP_SELF] => /index.php\n    [REQUEST_TIME_FLOAT] => 1401135951.543\n    [REQUEST_TIME] => 1401135951\n)\n','Array\n(\n    [laravel_session] => eyJpdiI6IklcL1lDZmh6QWF2ODEya1g2OW1JWGRSaFVZcXZIdk5GUG1UWVRUcHI5QzNFPSIsInZhbHVlIjoibnRlN3ZkTU84KzlaU1pnYytKeU9PZXZpSEdCVTRoZUtTVVNFamM1dVRvcEc0dUdibnNGZjhhOUpqeHZTbnUyYkkyZmd6dEV4MHlWRUZwV0lhXC8zNG13PT0iLCJtYWMiOiIxMWI2OTA4NzYzYmJlNDQ4OGYzMWM0ZTgzMzA0Nzg2MTRlN2JiZWM4NjA1YzFkMzU1ZDE5OWNlM2VjZWNlYjIxIn0=\n)\n','','2014-05-26 17:25:51','2014-05-26 17:25:51'),(184,1,7,'Array\n(\n)\n','Array\n(\n)\n','Array\n(\n)\n','Array\n(\n    [REDIRECT_STATUS] => 200\n    [HTTP_HOST] => vukhf.dev\n    [HTTP_USER_AGENT] => Mozilla/5.0 (X11; Ubuntu; Linux x86_64; rv:29.0) Gecko/20100101 Firefox/29.0\n    [HTTP_ACCEPT] => text/html,application/xhtml+xml,application/xml;q=0.9,*/*;q=0.8\n    [HTTP_ACCEPT_LANGUAGE] => en-US,en;q=0.5\n    [HTTP_ACCEPT_ENCODING] => gzip, deflate\n    [HTTP_REFERER] => http://vukhf.dev/\n    [HTTP_COOKIE] => laravel_session=eyJpdiI6IisrRnk5WEhSeUIrOWxIV1lqVEJoRWw2T0lyU0Mrd0ozQVF2UjlhMW5CeHc9IiwidmFsdWUiOiJYV1FUaEV3clZHc0R3V2pBeER3XC9vUmxyVnRxZDVRQXhtYzZTTjlOZ0dHYmRKT2FkeTN2ZlZQSURtM3FObjRoU2dLNkRTS0t5VDd1TFpBN0plOFJJY3c9PSIsIm1hYyI6IjY3NWNjYWY5YzY2NmU1MzM4YThkZjQ1ODdkYzVlODE4ZTZmZGJhMDEyODEwNzNjYTU3NjIxZTJjMWMwOWE0MzMifQ%3D%3D\n    [HTTP_CONNECTION] => keep-alive\n    [HTTP_CACHE_CONTROL] => max-age=0\n    [PATH] => /usr/local/bin:/usr/bin:/bin\n    [SERVER_SIGNATURE] => <address>Apache/2.4.6 (Ubuntu) Server at vukhf.dev Port 80</address>\n\n    [SERVER_SOFTWARE] => Apache/2.4.6 (Ubuntu)\n    [SERVER_NAME] => vukhf.dev\n    [SERVER_ADDR] => 127.0.0.1\n    [SERVER_PORT] => 80\n    [REMOTE_ADDR] => 127.0.0.1\n    [DOCUMENT_ROOT] => /var/www/vukhf/public/\n    [REQUEST_SCHEME] => http\n    [CONTEXT_PREFIX] => \n    [CONTEXT_DOCUMENT_ROOT] => /var/www/vukhf/public/\n    [SERVER_ADMIN] => webmaster@localhost\n    [SCRIPT_FILENAME] => /var/www/vukhf/public/index.php\n    [REMOTE_PORT] => 60919\n    [REDIRECT_URL] => /level7.php\n    [GATEWAY_INTERFACE] => CGI/1.1\n    [SERVER_PROTOCOL] => HTTP/1.1\n    [REQUEST_METHOD] => GET\n    [QUERY_STRING] => \n    [REQUEST_URI] => /level7.php\n    [SCRIPT_NAME] => /index.php\n    [PHP_SELF] => /index.php\n    [REQUEST_TIME_FLOAT] => 1401135952.277\n    [REQUEST_TIME] => 1401135952\n)\n','Array\n(\n    [laravel_session] => eyJpdiI6IisrRnk5WEhSeUIrOWxIV1lqVEJoRWw2T0lyU0Mrd0ozQVF2UjlhMW5CeHc9IiwidmFsdWUiOiJYV1FUaEV3clZHc0R3V2pBeER3XC9vUmxyVnRxZDVRQXhtYzZTTjlOZ0dHYmRKT2FkeTN2ZlZQSURtM3FObjRoU2dLNkRTS0t5VDd1TFpBN0plOFJJY3c9PSIsIm1hYyI6IjY3NWNjYWY5YzY2NmU1MzM4YThkZjQ1ODdkYzVlODE4ZTZmZGJhMDEyODEwNzNjYTU3NjIxZTJjMWMwOWE0MzMifQ==\n)\n','','2014-05-26 17:25:52','2014-05-26 17:25:52'),(185,1,7,'Array\n(\n)\n','Array\n(\n)\n','Array\n(\n)\n','Array\n(\n    [REDIRECT_STATUS] => 200\n    [HTTP_HOST] => vukhf.dev\n    [HTTP_USER_AGENT] => Mozilla/5.0 (X11; Ubuntu; Linux x86_64; rv:29.0) Gecko/20100101 Firefox/29.0\n    [HTTP_ACCEPT] => text/html,application/xhtml+xml,application/xml;q=0.9,*/*;q=0.8\n    [HTTP_ACCEPT_LANGUAGE] => en-US,en;q=0.5\n    [HTTP_ACCEPT_ENCODING] => gzip, deflate\n    [HTTP_REFERER] => http://vukhf.dev/\n    [HTTP_COOKIE] => laravel_session=eyJpdiI6IjZZdlc1Q0pFZHRMeW1rXC9FdXJPamU4aXZqUm5DaDRIVysxdHdwT3llSzdvPSIsInZhbHVlIjoiMEFacXZKWHNZS2pVUTQrVGxza0RpYmVXblFrSThoWHJLd0NkWjNWNENHalk2YnBQbE5iQkk3QU5zSTV2eGh6WEh0TTRsazd4c3lJTjI5U1BrQUxjM0E9PSIsIm1hYyI6Ijg5ODBkODQ0ZmExNDJjYzhhMDUwMWNlYTMzMjRkM2RhODg0NzUyYzM0NTg4YmViYjc4N2RkNDc3YmNmZDRkNTIifQ%3D%3D\n    [HTTP_CONNECTION] => keep-alive\n    [HTTP_CACHE_CONTROL] => max-age=0\n    [PATH] => /usr/local/bin:/usr/bin:/bin\n    [SERVER_SIGNATURE] => <address>Apache/2.4.6 (Ubuntu) Server at vukhf.dev Port 80</address>\n\n    [SERVER_SOFTWARE] => Apache/2.4.6 (Ubuntu)\n    [SERVER_NAME] => vukhf.dev\n    [SERVER_ADDR] => 127.0.0.1\n    [SERVER_PORT] => 80\n    [REMOTE_ADDR] => 127.0.0.1\n    [DOCUMENT_ROOT] => /var/www/vukhf/public/\n    [REQUEST_SCHEME] => http\n    [CONTEXT_PREFIX] => \n    [CONTEXT_DOCUMENT_ROOT] => /var/www/vukhf/public/\n    [SERVER_ADMIN] => webmaster@localhost\n    [SCRIPT_FILENAME] => /var/www/vukhf/public/index.php\n    [REMOTE_PORT] => 60915\n    [REDIRECT_URL] => /level7.php\n    [GATEWAY_INTERFACE] => CGI/1.1\n    [SERVER_PROTOCOL] => HTTP/1.1\n    [REQUEST_METHOD] => GET\n    [QUERY_STRING] => \n    [REQUEST_URI] => /level7.php\n    [SCRIPT_NAME] => /index.php\n    [PHP_SELF] => /index.php\n    [REQUEST_TIME_FLOAT] => 1401135953.14\n    [REQUEST_TIME] => 1401135953\n)\n','Array\n(\n    [laravel_session] => eyJpdiI6IjZZdlc1Q0pFZHRMeW1rXC9FdXJPamU4aXZqUm5DaDRIVysxdHdwT3llSzdvPSIsInZhbHVlIjoiMEFacXZKWHNZS2pVUTQrVGxza0RpYmVXblFrSThoWHJLd0NkWjNWNENHalk2YnBQbE5iQkk3QU5zSTV2eGh6WEh0TTRsazd4c3lJTjI5U1BrQUxjM0E9PSIsIm1hYyI6Ijg5ODBkODQ0ZmExNDJjYzhhMDUwMWNlYTMzMjRkM2RhODg0NzUyYzM0NTg4YmViYjc4N2RkNDc3YmNmZDRkNTIifQ==\n)\n','','2014-05-26 17:25:53','2014-05-26 17:25:53'),(186,1,7,'Array\n(\n)\n','Array\n(\n)\n','Array\n(\n)\n','Array\n(\n    [REDIRECT_STATUS] => 200\n    [HTTP_HOST] => vukhf.dev\n    [HTTP_USER_AGENT] => Mozilla/5.0 (X11; Ubuntu; Linux x86_64; rv:29.0) Gecko/20100101 Firefox/29.0\n    [HTTP_ACCEPT] => text/html,application/xhtml+xml,application/xml;q=0.9,*/*;q=0.8\n    [HTTP_ACCEPT_LANGUAGE] => en-US,en;q=0.5\n    [HTTP_ACCEPT_ENCODING] => gzip, deflate\n    [HTTP_REFERER] => http://vukhf.dev/\n    [HTTP_COOKIE] => laravel_session=eyJpdiI6ImVQSnNEUDNNeE1McnVEbmlBVzdSVThHTWt0eVpua0hNU2M2MDc2TEUyUDQ9IiwidmFsdWUiOiJLbDVkbkU1M2hSaWRNS0N2Z3N2QkJ6djgzQmFSUFBTNHNWTkttSTFqS2tmVmFjZlhBTHFERE0zUTFmS1EyT2dQaDVQRFZFdkR3MkJMNHFjdGpCbGM4QT09IiwibWFjIjoiMzZmMGU3N2M1ZjFiMmYzNWYzYTc2NTVkM2VjMmRiMWFlZjZhZjllZDY3N2Q4MWNjMGZjMzI3MThjMGJiZWY1NSJ9\n    [HTTP_CONNECTION] => keep-alive\n    [HTTP_CACHE_CONTROL] => max-age=0\n    [PATH] => /usr/local/bin:/usr/bin:/bin\n    [SERVER_SIGNATURE] => <address>Apache/2.4.6 (Ubuntu) Server at vukhf.dev Port 80</address>\n\n    [SERVER_SOFTWARE] => Apache/2.4.6 (Ubuntu)\n    [SERVER_NAME] => vukhf.dev\n    [SERVER_ADDR] => 127.0.0.1\n    [SERVER_PORT] => 80\n    [REMOTE_ADDR] => 127.0.0.1\n    [DOCUMENT_ROOT] => /var/www/vukhf/public/\n    [REQUEST_SCHEME] => http\n    [CONTEXT_PREFIX] => \n    [CONTEXT_DOCUMENT_ROOT] => /var/www/vukhf/public/\n    [SERVER_ADMIN] => webmaster@localhost\n    [SCRIPT_FILENAME] => /var/www/vukhf/public/index.php\n    [REMOTE_PORT] => 60919\n    [REDIRECT_URL] => /level7.php\n    [GATEWAY_INTERFACE] => CGI/1.1\n    [SERVER_PROTOCOL] => HTTP/1.1\n    [REQUEST_METHOD] => GET\n    [QUERY_STRING] => \n    [REQUEST_URI] => /level7.php\n    [SCRIPT_NAME] => /index.php\n    [PHP_SELF] => /index.php\n    [REQUEST_TIME_FLOAT] => 1401135954.166\n    [REQUEST_TIME] => 1401135954\n)\n','Array\n(\n    [laravel_session] => eyJpdiI6ImVQSnNEUDNNeE1McnVEbmlBVzdSVThHTWt0eVpua0hNU2M2MDc2TEUyUDQ9IiwidmFsdWUiOiJLbDVkbkU1M2hSaWRNS0N2Z3N2QkJ6djgzQmFSUFBTNHNWTkttSTFqS2tmVmFjZlhBTHFERE0zUTFmS1EyT2dQaDVQRFZFdkR3MkJMNHFjdGpCbGM4QT09IiwibWFjIjoiMzZmMGU3N2M1ZjFiMmYzNWYzYTc2NTVkM2VjMmRiMWFlZjZhZjllZDY3N2Q4MWNjMGZjMzI3MThjMGJiZWY1NSJ9\n)\n','','2014-05-26 17:25:54','2014-05-26 17:25:54'),(187,1,7,'Array\n(\n)\n','Array\n(\n)\n','Array\n(\n)\n','Array\n(\n    [REDIRECT_STATUS] => 200\n    [HTTP_HOST] => vukhf.dev\n    [HTTP_USER_AGENT] => Mozilla/5.0 (X11; Ubuntu; Linux x86_64; rv:29.0) Gecko/20100101 Firefox/29.0\n    [HTTP_ACCEPT] => text/html,application/xhtml+xml,application/xml;q=0.9,*/*;q=0.8\n    [HTTP_ACCEPT_LANGUAGE] => en-US,en;q=0.5\n    [HTTP_ACCEPT_ENCODING] => gzip, deflate\n    [HTTP_REFERER] => http://vukhf.dev/\n    [HTTP_COOKIE] => laravel_session=eyJpdiI6IlZuVm1oZTJYMzM1a1U3blJGYm5aVUlMbGNOUUd4OTJHMU1vbENuemhJTE09IiwidmFsdWUiOiJvXC9sZDltVWFqanpoN2tOdUNrVkZBRm9ENG1mZkk2VXgwaDR5VVNCa0lRNTJvZEhmT0hmSk9vbFI4QW9JTzI5TEIyM1lLb0RyaE5PRFwvMnY5UUR6OXJ3PT0iLCJtYWMiOiJmOTQxOWViM2NkOWZlNGU4MDI4YTIwMWM1MWU1OGIyOTFlOGM3NzI3YjgxZDY1N2Q4MDY0ZjVkOGFhMTI2ODc5In0%3D\n    [HTTP_CONNECTION] => keep-alive\n    [HTTP_CACHE_CONTROL] => max-age=0\n    [PATH] => /usr/local/bin:/usr/bin:/bin\n    [SERVER_SIGNATURE] => <address>Apache/2.4.6 (Ubuntu) Server at vukhf.dev Port 80</address>\n\n    [SERVER_SOFTWARE] => Apache/2.4.6 (Ubuntu)\n    [SERVER_NAME] => vukhf.dev\n    [SERVER_ADDR] => 127.0.0.1\n    [SERVER_PORT] => 80\n    [REMOTE_ADDR] => 127.0.0.1\n    [DOCUMENT_ROOT] => /var/www/vukhf/public/\n    [REQUEST_SCHEME] => http\n    [CONTEXT_PREFIX] => \n    [CONTEXT_DOCUMENT_ROOT] => /var/www/vukhf/public/\n    [SERVER_ADMIN] => webmaster@localhost\n    [SCRIPT_FILENAME] => /var/www/vukhf/public/index.php\n    [REMOTE_PORT] => 60915\n    [REDIRECT_URL] => /level7.php\n    [GATEWAY_INTERFACE] => CGI/1.1\n    [SERVER_PROTOCOL] => HTTP/1.1\n    [REQUEST_METHOD] => GET\n    [QUERY_STRING] => \n    [REQUEST_URI] => /level7.php\n    [SCRIPT_NAME] => /index.php\n    [PHP_SELF] => /index.php\n    [REQUEST_TIME_FLOAT] => 1401135955.042\n    [REQUEST_TIME] => 1401135955\n)\n','Array\n(\n    [laravel_session] => eyJpdiI6IlZuVm1oZTJYMzM1a1U3blJGYm5aVUlMbGNOUUd4OTJHMU1vbENuemhJTE09IiwidmFsdWUiOiJvXC9sZDltVWFqanpoN2tOdUNrVkZBRm9ENG1mZkk2VXgwaDR5VVNCa0lRNTJvZEhmT0hmSk9vbFI4QW9JTzI5TEIyM1lLb0RyaE5PRFwvMnY5UUR6OXJ3PT0iLCJtYWMiOiJmOTQxOWViM2NkOWZlNGU4MDI4YTIwMWM1MWU1OGIyOTFlOGM3NzI3YjgxZDY1N2Q4MDY0ZjVkOGFhMTI2ODc5In0=\n)\n','','2014-05-26 17:25:55','2014-05-26 17:25:55'),(188,1,7,'Array\n(\n)\n','Array\n(\n)\n','Array\n(\n)\n','Array\n(\n    [REDIRECT_STATUS] => 200\n    [HTTP_HOST] => vukhf.dev\n    [HTTP_USER_AGENT] => Mozilla/5.0 (X11; Ubuntu; Linux x86_64; rv:29.0) Gecko/20100101 Firefox/29.0\n    [HTTP_ACCEPT] => text/html,application/xhtml+xml,application/xml;q=0.9,*/*;q=0.8\n    [HTTP_ACCEPT_LANGUAGE] => en-US,en;q=0.5\n    [HTTP_ACCEPT_ENCODING] => gzip, deflate\n    [HTTP_REFERER] => http://vukhf.dev/\n    [HTTP_COOKIE] => laravel_session=eyJpdiI6InRUT0FnYUNhNlM4YWdvMmtrbkhMNFhtTXlKYUdVZGM0QXBUTUliMXVpaG89IiwidmFsdWUiOiI3OGh5ZjJMM2NaS0hPZFZsOUhlT1BzNFBFRFFyK296bGRPRDFSZ3NWZlZNeTVzUWFlOGZkTlVGUEg2ZGF5Z0JSYm5DblprM1hqdG1pN0k3V01sM0FIUT09IiwibWFjIjoiMDMyMzRkMjNlODU5NmUwM2Q5OGFkOTA0ZWZmMWU2ZTUwZTUyOWY1NDczY2ZmNzMxMjNjZDBlYzBkZThiMjk1OCJ9\n    [HTTP_CONNECTION] => keep-alive\n    [HTTP_CACHE_CONTROL] => max-age=0\n    [PATH] => /usr/local/bin:/usr/bin:/bin\n    [SERVER_SIGNATURE] => <address>Apache/2.4.6 (Ubuntu) Server at vukhf.dev Port 80</address>\n\n    [SERVER_SOFTWARE] => Apache/2.4.6 (Ubuntu)\n    [SERVER_NAME] => vukhf.dev\n    [SERVER_ADDR] => 127.0.0.1\n    [SERVER_PORT] => 80\n    [REMOTE_ADDR] => 127.0.0.1\n    [DOCUMENT_ROOT] => /var/www/vukhf/public/\n    [REQUEST_SCHEME] => http\n    [CONTEXT_PREFIX] => \n    [CONTEXT_DOCUMENT_ROOT] => /var/www/vukhf/public/\n    [SERVER_ADMIN] => webmaster@localhost\n    [SCRIPT_FILENAME] => /var/www/vukhf/public/index.php\n    [REMOTE_PORT] => 60915\n    [REDIRECT_URL] => /level7.php\n    [GATEWAY_INTERFACE] => CGI/1.1\n    [SERVER_PROTOCOL] => HTTP/1.1\n    [REQUEST_METHOD] => GET\n    [QUERY_STRING] => \n    [REQUEST_URI] => /level7.php\n    [SCRIPT_NAME] => /index.php\n    [PHP_SELF] => /index.php\n    [REQUEST_TIME_FLOAT] => 1401135956.007\n    [REQUEST_TIME] => 1401135956\n)\n','Array\n(\n    [laravel_session] => eyJpdiI6InRUT0FnYUNhNlM4YWdvMmtrbkhMNFhtTXlKYUdVZGM0QXBUTUliMXVpaG89IiwidmFsdWUiOiI3OGh5ZjJMM2NaS0hPZFZsOUhlT1BzNFBFRFFyK296bGRPRDFSZ3NWZlZNeTVzUWFlOGZkTlVGUEg2ZGF5Z0JSYm5DblprM1hqdG1pN0k3V01sM0FIUT09IiwibWFjIjoiMDMyMzRkMjNlODU5NmUwM2Q5OGFkOTA0ZWZmMWU2ZTUwZTUyOWY1NDczY2ZmNzMxMjNjZDBlYzBkZThiMjk1OCJ9\n)\n','','2014-05-26 17:25:56','2014-05-26 17:25:56'),(189,1,7,'Array\n(\n)\n','Array\n(\n)\n','Array\n(\n)\n','Array\n(\n    [REDIRECT_STATUS] => 200\n    [HTTP_HOST] => vukhf.dev\n    [HTTP_USER_AGENT] => Mozilla/5.0 (X11; Ubuntu; Linux x86_64; rv:29.0) Gecko/20100101 Firefox/29.0\n    [HTTP_ACCEPT] => text/html,application/xhtml+xml,application/xml;q=0.9,*/*;q=0.8\n    [HTTP_ACCEPT_LANGUAGE] => en-US,en;q=0.5\n    [HTTP_ACCEPT_ENCODING] => gzip, deflate\n    [HTTP_REFERER] => http://vukhf.dev/\n    [HTTP_COOKIE] => laravel_session=eyJpdiI6IlY0VjUreW55eEtDeU9Ob1Z1WW4rRXgwaUNBdUN5S09UU1ByY0RJdmtvZnM9IiwidmFsdWUiOiI0aEl0VTQzMzhISzRXQzBnMEJFR0RlWDRra2E2NzgyOXd6VlwvekpiVTgyVFllSGg1QUtMdEl5ak9qR3pOMEgrcklcL1g0THpwVXFDT0wyK0lnZjE4SUhBPT0iLCJtYWMiOiI5OWQxODZhMWNjYjIzM2QxOWJjNTViMWMzM2ZmMWFhNzZiZjJjMmE3ZGMyMTIyYTNkMDU5YmNkZmZlYTc1OGUzIn0%3D\n    [HTTP_CONNECTION] => keep-alive\n    [HTTP_CACHE_CONTROL] => max-age=0\n    [PATH] => /usr/local/bin:/usr/bin:/bin\n    [SERVER_SIGNATURE] => <address>Apache/2.4.6 (Ubuntu) Server at vukhf.dev Port 80</address>\n\n    [SERVER_SOFTWARE] => Apache/2.4.6 (Ubuntu)\n    [SERVER_NAME] => vukhf.dev\n    [SERVER_ADDR] => 127.0.0.1\n    [SERVER_PORT] => 80\n    [REMOTE_ADDR] => 127.0.0.1\n    [DOCUMENT_ROOT] => /var/www/vukhf/public/\n    [REQUEST_SCHEME] => http\n    [CONTEXT_PREFIX] => \n    [CONTEXT_DOCUMENT_ROOT] => /var/www/vukhf/public/\n    [SERVER_ADMIN] => webmaster@localhost\n    [SCRIPT_FILENAME] => /var/www/vukhf/public/index.php\n    [REMOTE_PORT] => 60918\n    [REDIRECT_URL] => /level7.php\n    [GATEWAY_INTERFACE] => CGI/1.1\n    [SERVER_PROTOCOL] => HTTP/1.1\n    [REQUEST_METHOD] => GET\n    [QUERY_STRING] => \n    [REQUEST_URI] => /level7.php\n    [SCRIPT_NAME] => /index.php\n    [PHP_SELF] => /index.php\n    [REQUEST_TIME_FLOAT] => 1401135956.83\n    [REQUEST_TIME] => 1401135956\n)\n','Array\n(\n    [laravel_session] => eyJpdiI6IlY0VjUreW55eEtDeU9Ob1Z1WW4rRXgwaUNBdUN5S09UU1ByY0RJdmtvZnM9IiwidmFsdWUiOiI0aEl0VTQzMzhISzRXQzBnMEJFR0RlWDRra2E2NzgyOXd6VlwvekpiVTgyVFllSGg1QUtMdEl5ak9qR3pOMEgrcklcL1g0THpwVXFDT0wyK0lnZjE4SUhBPT0iLCJtYWMiOiI5OWQxODZhMWNjYjIzM2QxOWJjNTViMWMzM2ZmMWFhNzZiZjJjMmE3ZGMyMTIyYTNkMDU5YmNkZmZlYTc1OGUzIn0=\n)\n','','2014-05-26 17:25:56','2014-05-26 17:25:56'),(190,1,7,'Array\n(\n)\n','Array\n(\n)\n','Array\n(\n)\n','Array\n(\n    [REDIRECT_STATUS] => 200\n    [HTTP_HOST] => vukhf.dev\n    [HTTP_USER_AGENT] => Mozilla/5.0 (X11; Ubuntu; Linux x86_64; rv:29.0) Gecko/20100101 Firefox/29.0\n    [HTTP_ACCEPT] => text/html,application/xhtml+xml,application/xml;q=0.9,*/*;q=0.8\n    [HTTP_ACCEPT_LANGUAGE] => en-US,en;q=0.5\n    [HTTP_ACCEPT_ENCODING] => gzip, deflate\n    [HTTP_REFERER] => http://vukhf.dev/\n    [HTTP_COOKIE] => laravel_session=eyJpdiI6ImdRVU9qcUxJUzI2aDJxa0pXUjJNRytnSGxaOWVaOEFoSnR1WjdUOUZwejg9IiwidmFsdWUiOiJVZzQ2R0Y2dVBscjlPR2FESnF6d01LWGxBQ3piT1RcLzFKS0d4RTVFY2prOFBsMG1GSFVVZ1lQNHdlVzhMRjArbjhsdTlKdVlqWHNTVTJNUVcydEJIMHc9PSIsIm1hYyI6IjQzNjRiOTAyYWRhYzMzMzBkZjE0NWM1NTZlNzU3MmRmZjdkYzc1MTI2N2ZjY2U2YzhlNzdmNzQwZTI3OTg4OGUifQ%3D%3D\n    [HTTP_CONNECTION] => keep-alive\n    [HTTP_CACHE_CONTROL] => max-age=0\n    [PATH] => /usr/local/bin:/usr/bin:/bin\n    [SERVER_SIGNATURE] => <address>Apache/2.4.6 (Ubuntu) Server at vukhf.dev Port 80</address>\n\n    [SERVER_SOFTWARE] => Apache/2.4.6 (Ubuntu)\n    [SERVER_NAME] => vukhf.dev\n    [SERVER_ADDR] => 127.0.0.1\n    [SERVER_PORT] => 80\n    [REMOTE_ADDR] => 127.0.0.1\n    [DOCUMENT_ROOT] => /var/www/vukhf/public/\n    [REQUEST_SCHEME] => http\n    [CONTEXT_PREFIX] => \n    [CONTEXT_DOCUMENT_ROOT] => /var/www/vukhf/public/\n    [SERVER_ADMIN] => webmaster@localhost\n    [SCRIPT_FILENAME] => /var/www/vukhf/public/index.php\n    [REMOTE_PORT] => 60918\n    [REDIRECT_URL] => /level7.php\n    [GATEWAY_INTERFACE] => CGI/1.1\n    [SERVER_PROTOCOL] => HTTP/1.1\n    [REQUEST_METHOD] => GET\n    [QUERY_STRING] => \n    [REQUEST_URI] => /level7.php\n    [SCRIPT_NAME] => /index.php\n    [PHP_SELF] => /index.php\n    [REQUEST_TIME_FLOAT] => 1401135957.7\n    [REQUEST_TIME] => 1401135957\n)\n','Array\n(\n    [laravel_session] => eyJpdiI6ImdRVU9qcUxJUzI2aDJxa0pXUjJNRytnSGxaOWVaOEFoSnR1WjdUOUZwejg9IiwidmFsdWUiOiJVZzQ2R0Y2dVBscjlPR2FESnF6d01LWGxBQ3piT1RcLzFKS0d4RTVFY2prOFBsMG1GSFVVZ1lQNHdlVzhMRjArbjhsdTlKdVlqWHNTVTJNUVcydEJIMHc9PSIsIm1hYyI6IjQzNjRiOTAyYWRhYzMzMzBkZjE0NWM1NTZlNzU3MmRmZjdkYzc1MTI2N2ZjY2U2YzhlNzdmNzQwZTI3OTg4OGUifQ==\n)\n','','2014-05-26 17:25:57','2014-05-26 17:25:57'),(191,1,7,'Array\n(\n)\n','Array\n(\n)\n','Array\n(\n)\n','Array\n(\n    [REDIRECT_STATUS] => 200\n    [HTTP_HOST] => vukhf.dev\n    [HTTP_USER_AGENT] => Mozilla/5.0 (X11; Ubuntu; Linux x86_64; rv:29.0) Gecko/20100101 Firefox/29.0\n    [HTTP_ACCEPT] => text/html,application/xhtml+xml,application/xml;q=0.9,*/*;q=0.8\n    [HTTP_ACCEPT_LANGUAGE] => en-US,en;q=0.5\n    [HTTP_ACCEPT_ENCODING] => gzip, deflate\n    [HTTP_REFERER] => http://vukhf.dev/\n    [HTTP_COOKIE] => laravel_session=eyJpdiI6IkNEQ3VYa0tuZDBweWkycE0waFwvZU9tbEprZmwxbkFIWW0xOFp6VFY3dkU4PSIsInZhbHVlIjoiTjNDUWFjMWo4bWs3bGZFbTBCUTZxV3BEbURPcVA1SVM1K2pcL3oxNWo1K0krVWE3OU9ud1BQODluODdsZUFtSkpPbXVoMGlnOGcya1pDU1djV29ZQWFRPT0iLCJtYWMiOiI1NGUyMjc2YmUxYzBkMWYwYjZmMDg1NThlZmJlY2M0YjViNDgxNzkwNTIwZjU5YmJlNjQ4YmFmOWM5MDBhMjZmIn0%3D\n    [HTTP_CONNECTION] => keep-alive\n    [HTTP_CACHE_CONTROL] => max-age=0\n    [PATH] => /usr/local/bin:/usr/bin:/bin\n    [SERVER_SIGNATURE] => <address>Apache/2.4.6 (Ubuntu) Server at vukhf.dev Port 80</address>\n\n    [SERVER_SOFTWARE] => Apache/2.4.6 (Ubuntu)\n    [SERVER_NAME] => vukhf.dev\n    [SERVER_ADDR] => 127.0.0.1\n    [SERVER_PORT] => 80\n    [REMOTE_ADDR] => 127.0.0.1\n    [DOCUMENT_ROOT] => /var/www/vukhf/public/\n    [REQUEST_SCHEME] => http\n    [CONTEXT_PREFIX] => \n    [CONTEXT_DOCUMENT_ROOT] => /var/www/vukhf/public/\n    [SERVER_ADMIN] => webmaster@localhost\n    [SCRIPT_FILENAME] => /var/www/vukhf/public/index.php\n    [REMOTE_PORT] => 60921\n    [REDIRECT_URL] => /level7.php\n    [GATEWAY_INTERFACE] => CGI/1.1\n    [SERVER_PROTOCOL] => HTTP/1.1\n    [REQUEST_METHOD] => GET\n    [QUERY_STRING] => \n    [REQUEST_URI] => /level7.php\n    [SCRIPT_NAME] => /index.php\n    [PHP_SELF] => /index.php\n    [REQUEST_TIME_FLOAT] => 1401135958.612\n    [REQUEST_TIME] => 1401135958\n)\n','Array\n(\n    [laravel_session] => eyJpdiI6IkNEQ3VYa0tuZDBweWkycE0waFwvZU9tbEprZmwxbkFIWW0xOFp6VFY3dkU4PSIsInZhbHVlIjoiTjNDUWFjMWo4bWs3bGZFbTBCUTZxV3BEbURPcVA1SVM1K2pcL3oxNWo1K0krVWE3OU9ud1BQODluODdsZUFtSkpPbXVoMGlnOGcya1pDU1djV29ZQWFRPT0iLCJtYWMiOiI1NGUyMjc2YmUxYzBkMWYwYjZmMDg1NThlZmJlY2M0YjViNDgxNzkwNTIwZjU5YmJlNjQ4YmFmOWM5MDBhMjZmIn0=\n)\n','','2014-05-26 17:25:58','2014-05-26 17:25:58'),(192,1,7,'Array\n(\n)\n','Array\n(\n)\n','Array\n(\n)\n','Array\n(\n    [REDIRECT_STATUS] => 200\n    [HTTP_HOST] => vukhf.dev\n    [HTTP_USER_AGENT] => Mozilla/5.0 (X11; Ubuntu; Linux x86_64; rv:29.0) Gecko/20100101 Firefox/29.0\n    [HTTP_ACCEPT] => text/html,application/xhtml+xml,application/xml;q=0.9,*/*;q=0.8\n    [HTTP_ACCEPT_LANGUAGE] => en-US,en;q=0.5\n    [HTTP_ACCEPT_ENCODING] => gzip, deflate\n    [HTTP_REFERER] => http://vukhf.dev/\n    [HTTP_COOKIE] => laravel_session=eyJpdiI6IjkxdjFWQkZCRWNvWHBkaVpMcjlwN1ZBZ3FJTlJPMUpRT3N3b2ZwWmQrbGs9IiwidmFsdWUiOiIyUWoyVmt4VjhNdW04YUQyUTljU0hXZDJJTStLZHRHNkVHREY0Wk1temU0S1h0cnVOMnRab1wvNFZUbkh5aGYzaUdXb29ETG1YcmcxeXJjRDBOejY2XC9RPT0iLCJtYWMiOiI1ZjAwYzUwN2Q2NmZiOWZkNWQwZTQxM2JkMzNmNmVkZjQ1OTE4NmIyMjYyODRkNWIwODk5YWFmNTRlOGQyMWQ1In0%3D\n    [HTTP_CONNECTION] => keep-alive\n    [HTTP_CACHE_CONTROL] => max-age=0\n    [PATH] => /usr/local/bin:/usr/bin:/bin\n    [SERVER_SIGNATURE] => <address>Apache/2.4.6 (Ubuntu) Server at vukhf.dev Port 80</address>\n\n    [SERVER_SOFTWARE] => Apache/2.4.6 (Ubuntu)\n    [SERVER_NAME] => vukhf.dev\n    [SERVER_ADDR] => 127.0.0.1\n    [SERVER_PORT] => 80\n    [REMOTE_ADDR] => 127.0.0.1\n    [DOCUMENT_ROOT] => /var/www/vukhf/public/\n    [REQUEST_SCHEME] => http\n    [CONTEXT_PREFIX] => \n    [CONTEXT_DOCUMENT_ROOT] => /var/www/vukhf/public/\n    [SERVER_ADMIN] => webmaster@localhost\n    [SCRIPT_FILENAME] => /var/www/vukhf/public/index.php\n    [REMOTE_PORT] => 60967\n    [REDIRECT_URL] => /level7.php\n    [GATEWAY_INTERFACE] => CGI/1.1\n    [SERVER_PROTOCOL] => HTTP/1.1\n    [REQUEST_METHOD] => GET\n    [QUERY_STRING] => \n    [REQUEST_URI] => /level7.php\n    [SCRIPT_NAME] => /index.php\n    [PHP_SELF] => /index.php\n    [REQUEST_TIME_FLOAT] => 1401136009.146\n    [REQUEST_TIME] => 1401136009\n)\n','Array\n(\n    [laravel_session] => eyJpdiI6IjkxdjFWQkZCRWNvWHBkaVpMcjlwN1ZBZ3FJTlJPMUpRT3N3b2ZwWmQrbGs9IiwidmFsdWUiOiIyUWoyVmt4VjhNdW04YUQyUTljU0hXZDJJTStLZHRHNkVHREY0Wk1temU0S1h0cnVOMnRab1wvNFZUbkh5aGYzaUdXb29ETG1YcmcxeXJjRDBOejY2XC9RPT0iLCJtYWMiOiI1ZjAwYzUwN2Q2NmZiOWZkNWQwZTQxM2JkMzNmNmVkZjQ1OTE4NmIyMjYyODRkNWIwODk5YWFmNTRlOGQyMWQ1In0=\n)\n','','2014-05-26 17:26:49','2014-05-26 17:26:49'),(193,1,7,'Array\n(\n)\n','Array\n(\n)\n','Array\n(\n)\n','Array\n(\n    [REDIRECT_STATUS] => 200\n    [HTTP_HOST] => vukhf.dev\n    [HTTP_USER_AGENT] => Mozilla/5.0 (X11; Ubuntu; Linux x86_64; rv:29.0) Gecko/20100101 Firefox/29.0\n    [HTTP_ACCEPT] => text/html,application/xhtml+xml,application/xml;q=0.9,*/*;q=0.8\n    [HTTP_ACCEPT_LANGUAGE] => en-US,en;q=0.5\n    [HTTP_ACCEPT_ENCODING] => gzip, deflate\n    [HTTP_REFERER] => http://vukhf.dev/\n    [HTTP_COOKIE] => laravel_session=eyJpdiI6IjBaNEp4MXA0MEg1ZTN3Q3laSENEcncrZCtDRlo0TlZIYXNiaUZ5ZWFMUkE9IiwidmFsdWUiOiI3OXBTcWpXT1wvenQzc0lqTUtcL2pmV2RwN2lIU2NTSkFPR2VSaUlxY0xHYldxdVpLeVJGOGt2WE1sTDBtYlZcLzBibXhJSkhoQ2p1MWJZUTNKU1wva3JxeFE9PSIsIm1hYyI6IjU1Y2U5ZGE4ZjczNTY3NjM3YjMxNTEyNjliODZjNDIxMzEzY2E0MGJkNGI3MDZjMGQyNjQ4ZjdlMWY4NzBjYzQifQ%3D%3D\n    [HTTP_CONNECTION] => keep-alive\n    [HTTP_CACHE_CONTROL] => max-age=0\n    [PATH] => /usr/local/bin:/usr/bin:/bin\n    [SERVER_SIGNATURE] => <address>Apache/2.4.6 (Ubuntu) Server at vukhf.dev Port 80</address>\n\n    [SERVER_SOFTWARE] => Apache/2.4.6 (Ubuntu)\n    [SERVER_NAME] => vukhf.dev\n    [SERVER_ADDR] => 127.0.0.1\n    [SERVER_PORT] => 80\n    [REMOTE_ADDR] => 127.0.0.1\n    [DOCUMENT_ROOT] => /var/www/vukhf/public/\n    [REQUEST_SCHEME] => http\n    [CONTEXT_PREFIX] => \n    [CONTEXT_DOCUMENT_ROOT] => /var/www/vukhf/public/\n    [SERVER_ADMIN] => webmaster@localhost\n    [SCRIPT_FILENAME] => /var/www/vukhf/public/index.php\n    [REMOTE_PORT] => 60971\n    [REDIRECT_URL] => /level7.php\n    [GATEWAY_INTERFACE] => CGI/1.1\n    [SERVER_PROTOCOL] => HTTP/1.1\n    [REQUEST_METHOD] => GET\n    [QUERY_STRING] => \n    [REQUEST_URI] => /level7.php\n    [SCRIPT_NAME] => /index.php\n    [PHP_SELF] => /index.php\n    [REQUEST_TIME_FLOAT] => 1401136010.237\n    [REQUEST_TIME] => 1401136010\n)\n','Array\n(\n    [laravel_session] => eyJpdiI6IjBaNEp4MXA0MEg1ZTN3Q3laSENEcncrZCtDRlo0TlZIYXNiaUZ5ZWFMUkE9IiwidmFsdWUiOiI3OXBTcWpXT1wvenQzc0lqTUtcL2pmV2RwN2lIU2NTSkFPR2VSaUlxY0xHYldxdVpLeVJGOGt2WE1sTDBtYlZcLzBibXhJSkhoQ2p1MWJZUTNKU1wva3JxeFE9PSIsIm1hYyI6IjU1Y2U5ZGE4ZjczNTY3NjM3YjMxNTEyNjliODZjNDIxMzEzY2E0MGJkNGI3MDZjMGQyNjQ4ZjdlMWY4NzBjYzQifQ==\n)\n','','2014-05-26 17:26:50','2014-05-26 17:26:50'),(194,1,7,'Array\n(\n)\n','Array\n(\n)\n','Array\n(\n)\n','Array\n(\n    [REDIRECT_STATUS] => 200\n    [HTTP_HOST] => vukhf.dev\n    [HTTP_USER_AGENT] => Mozilla/5.0 (X11; Ubuntu; Linux x86_64; rv:29.0) Gecko/20100101 Firefox/29.0\n    [HTTP_ACCEPT] => text/html,application/xhtml+xml,application/xml;q=0.9,*/*;q=0.8\n    [HTTP_ACCEPT_LANGUAGE] => en-US,en;q=0.5\n    [HTTP_ACCEPT_ENCODING] => gzip, deflate\n    [HTTP_REFERER] => http://vukhf.dev/\n    [HTTP_COOKIE] => laravel_session=eyJpdiI6InlLaWxYY1NzeEtCeDBHRW0zWUd3VEhBOXBZMnlQSWVUZEN1cGN4UFY5cjA9IiwidmFsdWUiOiJ5aG9KZkJDa3l5dWI4a0E3bms2ZWZ5WHFzKzBpcW03bFwvOFVMYWtUbENnYWlmUW1KVnVSb2JBbGF5bmdISDdHZHhIcGZ0QlQ1SWdvdEswTWVycm9za0E9PSIsIm1hYyI6IjllYjBkYTYxZmViNjk5NmVmNjRjZTk3NDgyZjhiZGIyMjUwYWYyMGJiNjY2NjA5NGJhZDRlYjcxYTIzZDYyYTYifQ%3D%3D\n    [HTTP_CONNECTION] => keep-alive\n    [HTTP_CACHE_CONTROL] => max-age=0\n    [PATH] => /usr/local/bin:/usr/bin:/bin\n    [SERVER_SIGNATURE] => <address>Apache/2.4.6 (Ubuntu) Server at vukhf.dev Port 80</address>\n\n    [SERVER_SOFTWARE] => Apache/2.4.6 (Ubuntu)\n    [SERVER_NAME] => vukhf.dev\n    [SERVER_ADDR] => 127.0.0.1\n    [SERVER_PORT] => 80\n    [REMOTE_ADDR] => 127.0.0.1\n    [DOCUMENT_ROOT] => /var/www/vukhf/public/\n    [REQUEST_SCHEME] => http\n    [CONTEXT_PREFIX] => \n    [CONTEXT_DOCUMENT_ROOT] => /var/www/vukhf/public/\n    [SERVER_ADMIN] => webmaster@localhost\n    [SCRIPT_FILENAME] => /var/www/vukhf/public/index.php\n    [REMOTE_PORT] => 60988\n    [REDIRECT_URL] => /level7.php\n    [GATEWAY_INTERFACE] => CGI/1.1\n    [SERVER_PROTOCOL] => HTTP/1.1\n    [REQUEST_METHOD] => GET\n    [QUERY_STRING] => \n    [REQUEST_URI] => /level7.php\n    [SCRIPT_NAME] => /index.php\n    [PHP_SELF] => /index.php\n    [REQUEST_TIME_FLOAT] => 1401136029.606\n    [REQUEST_TIME] => 1401136029\n)\n','Array\n(\n    [laravel_session] => eyJpdiI6InlLaWxYY1NzeEtCeDBHRW0zWUd3VEhBOXBZMnlQSWVUZEN1cGN4UFY5cjA9IiwidmFsdWUiOiJ5aG9KZkJDa3l5dWI4a0E3bms2ZWZ5WHFzKzBpcW03bFwvOFVMYWtUbENnYWlmUW1KVnVSb2JBbGF5bmdISDdHZHhIcGZ0QlQ1SWdvdEswTWVycm9za0E9PSIsIm1hYyI6IjllYjBkYTYxZmViNjk5NmVmNjRjZTk3NDgyZjhiZGIyMjUwYWYyMGJiNjY2NjA5NGJhZDRlYjcxYTIzZDYyYTYifQ==\n)\n','','2014-05-26 17:27:09','2014-05-26 17:27:09'),(195,1,7,'Array\n(\n)\n','Array\n(\n)\n','Array\n(\n)\n','Array\n(\n    [REDIRECT_STATUS] => 200\n    [HTTP_HOST] => vukhf.dev\n    [HTTP_USER_AGENT] => Mozilla/5.0 (X11; Ubuntu; Linux x86_64; rv:29.0) Gecko/20100101 Firefox/29.0\n    [HTTP_ACCEPT] => text/html,application/xhtml+xml,application/xml;q=0.9,*/*;q=0.8\n    [HTTP_ACCEPT_LANGUAGE] => en-US,en;q=0.5\n    [HTTP_ACCEPT_ENCODING] => gzip, deflate\n    [HTTP_REFERER] => http://vukhf.dev/\n    [HTTP_COOKIE] => laravel_session=eyJpdiI6IndpcmRoUGRJVm9pN24xb2Q4anNFWXR1aVZ1THJEUSsyM2tMOWVoaUNHdjA9IiwidmFsdWUiOiJUbjJ3NHUya0twc2Nvc295M2VMTjBycEFnOU1RK2dVS014Z3pcLzJhemdtdDNzVTlISnJqcENjaXNZWHMwVTI4S3d4aVNBVklzS1d1VmJ3ZDhSaERRMVE9PSIsIm1hYyI6ImM0ZmVkOGZlMGI3YWFkYmE3YmU1MTFlZTEyNTRjNmViN2RjMzgxNDkyOTQ4YzE2NTdlMWJjMTg2MjIxYjUwMzYifQ%3D%3D\n    [HTTP_CONNECTION] => keep-alive\n    [HTTP_CACHE_CONTROL] => max-age=0\n    [PATH] => /usr/local/bin:/usr/bin:/bin\n    [SERVER_SIGNATURE] => <address>Apache/2.4.6 (Ubuntu) Server at vukhf.dev Port 80</address>\n\n    [SERVER_SOFTWARE] => Apache/2.4.6 (Ubuntu)\n    [SERVER_NAME] => vukhf.dev\n    [SERVER_ADDR] => 127.0.0.1\n    [SERVER_PORT] => 80\n    [REMOTE_ADDR] => 127.0.0.1\n    [DOCUMENT_ROOT] => /var/www/vukhf/public/\n    [REQUEST_SCHEME] => http\n    [CONTEXT_PREFIX] => \n    [CONTEXT_DOCUMENT_ROOT] => /var/www/vukhf/public/\n    [SERVER_ADMIN] => webmaster@localhost\n    [SCRIPT_FILENAME] => /var/www/vukhf/public/index.php\n    [REMOTE_PORT] => 60992\n    [REDIRECT_URL] => /level7.php\n    [GATEWAY_INTERFACE] => CGI/1.1\n    [SERVER_PROTOCOL] => HTTP/1.1\n    [REQUEST_METHOD] => GET\n    [QUERY_STRING] => \n    [REQUEST_URI] => /level7.php\n    [SCRIPT_NAME] => /index.php\n    [PHP_SELF] => /index.php\n    [REQUEST_TIME_FLOAT] => 1401136030.589\n    [REQUEST_TIME] => 1401136030\n)\n','Array\n(\n    [laravel_session] => eyJpdiI6IndpcmRoUGRJVm9pN24xb2Q4anNFWXR1aVZ1THJEUSsyM2tMOWVoaUNHdjA9IiwidmFsdWUiOiJUbjJ3NHUya0twc2Nvc295M2VMTjBycEFnOU1RK2dVS014Z3pcLzJhemdtdDNzVTlISnJqcENjaXNZWHMwVTI4S3d4aVNBVklzS1d1VmJ3ZDhSaERRMVE9PSIsIm1hYyI6ImM0ZmVkOGZlMGI3YWFkYmE3YmU1MTFlZTEyNTRjNmViN2RjMzgxNDkyOTQ4YzE2NTdlMWJjMTg2MjIxYjUwMzYifQ==\n)\n','','2014-05-26 17:27:10','2014-05-26 17:27:10'),(196,1,1,'Array\n(\n)\n','Array\n(\n)\n','Array\n(\n)\n','Array\n(\n    [REDIRECT_STATUS] => 200\n    [HTTP_HOST] => vukhf.dev\n    [HTTP_USER_AGENT] => Mozilla/5.0 (X11; Ubuntu; Linux x86_64; rv:29.0) Gecko/20100101 Firefox/29.0\n    [HTTP_ACCEPT] => text/html,application/xhtml+xml,application/xml;q=0.9,*/*;q=0.8\n    [HTTP_ACCEPT_LANGUAGE] => en-US,en;q=0.5\n    [HTTP_ACCEPT_ENCODING] => gzip, deflate\n    [HTTP_REFERER] => http://vukhf.dev/\n    [HTTP_COOKIE] => laravel_session=eyJpdiI6Ilwvc0FBcFVRdVhuSEtXNURDZnZiVXA4QTNNaWtNYWpCODBDMHN4OHNJcDJZPSIsInZhbHVlIjoia1V3N212OEdmcXVYc0JSTm9lRUdZUzZWNk83bktqdklRd1Z1a1J6ZUIyNXVlak1FUDlaY21aQ3BXWHlQbjlzVHlNUTRxOVBnSzdxMVh6NkFBdndrekE9PSIsIm1hYyI6IjU5MjU2NWNjZjIxNGY0ZmVhZDI4NTNjMjQ1YzA3N2UwYjYxMzA2ZTZjOGE2MmViM2FkZWNkMWJjZjkxZWFkZTQifQ%3D%3D; cartalyst_sentry=eyJpdiI6IkVrbW5KTHIzMGJTbmx5bis5VWtKXC9MUnVcL2tnblZLRnNsTUZqaWtVNFRRUT0iLCJ2YWx1ZSI6InErSTNrYTB4ZklpbTBxRkg0djB6ZW54WkRlMmEyOWZBcXlTVnJBNVNlajVLTkR1eG9WNkl5bzltbTZJVkxEMzQ1cU5xT3JrMlFiM2JcL0FhV0xLZHV4K3k5c1FNSWNoYjdkb1ladXBNZ2hlTkRSTDdiamtrN0Qwc2p0SWduME1IdyIsIm1hYyI6ImNiODQxMzQ4MjhjOTQ1MmYxOTgwYzA2YTQxNWEwMWZjYmUzMWE3YzJkOWEzMDA4MWI2MTFjYTA3N2Q3OGVlYjMifQ%3D%3D\n    [HTTP_CONNECTION] => keep-alive\n    [PATH] => /usr/local/bin:/usr/bin:/bin\n    [SERVER_SIGNATURE] => <address>Apache/2.4.6 (Ubuntu) Server at vukhf.dev Port 80</address>\n\n    [SERVER_SOFTWARE] => Apache/2.4.6 (Ubuntu)\n    [SERVER_NAME] => vukhf.dev\n    [SERVER_ADDR] => 127.0.0.1\n    [SERVER_PORT] => 80\n    [REMOTE_ADDR] => 127.0.0.1\n    [DOCUMENT_ROOT] => /var/www/vukhf/public/\n    [REQUEST_SCHEME] => http\n    [CONTEXT_PREFIX] => \n    [CONTEXT_DOCUMENT_ROOT] => /var/www/vukhf/public/\n    [SERVER_ADMIN] => webmaster@localhost\n    [SCRIPT_FILENAME] => /var/www/vukhf/public/index.php\n    [REMOTE_PORT] => 34734\n    [REDIRECT_URL] => /level1.php\n    [GATEWAY_INTERFACE] => CGI/1.1\n    [SERVER_PROTOCOL] => HTTP/1.1\n    [REQUEST_METHOD] => GET\n    [QUERY_STRING] => \n    [REQUEST_URI] => /level1.php\n    [SCRIPT_NAME] => /index.php\n    [PHP_SELF] => /index.php\n    [REQUEST_TIME_FLOAT] => 1401219284.761\n    [REQUEST_TIME] => 1401219284\n)\n','Array\n(\n    [laravel_session] => eyJpdiI6Ilwvc0FBcFVRdVhuSEtXNURDZnZiVXA4QTNNaWtNYWpCODBDMHN4OHNJcDJZPSIsInZhbHVlIjoia1V3N212OEdmcXVYc0JSTm9lRUdZUzZWNk83bktqdklRd1Z1a1J6ZUIyNXVlak1FUDlaY21aQ3BXWHlQbjlzVHlNUTRxOVBnSzdxMVh6NkFBdndrekE9PSIsIm1hYyI6IjU5MjU2NWNjZjIxNGY0ZmVhZDI4NTNjMjQ1YzA3N2UwYjYxMzA2ZTZjOGE2MmViM2FkZWNkMWJjZjkxZWFkZTQifQ==\n    [cartalyst_sentry] => eyJpdiI6IkVrbW5KTHIzMGJTbmx5bis5VWtKXC9MUnVcL2tnblZLRnNsTUZqaWtVNFRRUT0iLCJ2YWx1ZSI6InErSTNrYTB4ZklpbTBxRkg0djB6ZW54WkRlMmEyOWZBcXlTVnJBNVNlajVLTkR1eG9WNkl5bzltbTZJVkxEMzQ1cU5xT3JrMlFiM2JcL0FhV0xLZHV4K3k5c1FNSWNoYjdkb1ladXBNZ2hlTkRSTDdiamtrN0Qwc2p0SWduME1IdyIsIm1hYyI6ImNiODQxMzQ4MjhjOTQ1MmYxOTgwYzA2YTQxNWEwMWZjYmUzMWE3YzJkOWEzMDA4MWI2MTFjYTA3N2Q3OGVlYjMifQ==\n)\n','','2014-05-27 16:34:44','2014-05-27 16:34:44'),(197,1,2,'Array\n(\n)\n','Array\n(\n)\n','Array\n(\n)\n','Array\n(\n    [REDIRECT_STATUS] => 200\n    [HTTP_HOST] => vukhf.dev\n    [HTTP_USER_AGENT] => Mozilla/5.0 (X11; Ubuntu; Linux x86_64; rv:29.0) Gecko/20100101 Firefox/29.0\n    [HTTP_ACCEPT] => text/html,application/xhtml+xml,application/xml;q=0.9,*/*;q=0.8\n    [HTTP_ACCEPT_LANGUAGE] => en-US,en;q=0.5\n    [HTTP_ACCEPT_ENCODING] => gzip, deflate\n    [HTTP_REFERER] => http://vukhf.dev/\n    [HTTP_COOKIE] => laravel_session=eyJpdiI6IjkwZWs5RXhmdWxQZTNleDU0T1VyZGlocmpHSDlTYks1eVpSOGM5NGVWWDg9IiwidmFsdWUiOiJwYWdka3dTV0hxZEtpUjVLc2ZPWTV4ckIrWmlsRXZBb3c2S01OZ3VuVnA0ODdUQnVBeWV6a1NuRmpyWE9UNFU2eDNjZmk4ekp0M2QwOExWNVlhdFlhZz09IiwibWFjIjoiODZiNzkzOWMzZWJjNDFiYjI1ZTA3M2ZkYTBjOGMyZjk0ZmI2N2YwYTQ3M2VhYjY4MmU1ZjI4ODMyZTVkZWI5MSJ9; cartalyst_sentry=eyJpdiI6IkVrbW5KTHIzMGJTbmx5bis5VWtKXC9MUnVcL2tnblZLRnNsTUZqaWtVNFRRUT0iLCJ2YWx1ZSI6InErSTNrYTB4ZklpbTBxRkg0djB6ZW54WkRlMmEyOWZBcXlTVnJBNVNlajVLTkR1eG9WNkl5bzltbTZJVkxEMzQ1cU5xT3JrMlFiM2JcL0FhV0xLZHV4K3k5c1FNSWNoYjdkb1ladXBNZ2hlTkRSTDdiamtrN0Qwc2p0SWduME1IdyIsIm1hYyI6ImNiODQxMzQ4MjhjOTQ1MmYxOTgwYzA2YTQxNWEwMWZjYmUzMWE3YzJkOWEzMDA4MWI2MTFjYTA3N2Q3OGVlYjMifQ%3D%3D\n    [HTTP_CONNECTION] => keep-alive\n    [PATH] => /usr/local/bin:/usr/bin:/bin\n    [SERVER_SIGNATURE] => <address>Apache/2.4.6 (Ubuntu) Server at vukhf.dev Port 80</address>\n\n    [SERVER_SOFTWARE] => Apache/2.4.6 (Ubuntu)\n    [SERVER_NAME] => vukhf.dev\n    [SERVER_ADDR] => 127.0.0.1\n    [SERVER_PORT] => 80\n    [REMOTE_ADDR] => 127.0.0.1\n    [DOCUMENT_ROOT] => /var/www/vukhf/public/\n    [REQUEST_SCHEME] => http\n    [CONTEXT_PREFIX] => \n    [CONTEXT_DOCUMENT_ROOT] => /var/www/vukhf/public/\n    [SERVER_ADMIN] => webmaster@localhost\n    [SCRIPT_FILENAME] => /var/www/vukhf/public/index.php\n    [REMOTE_PORT] => 34734\n    [REDIRECT_URL] => /level2.php\n    [GATEWAY_INTERFACE] => CGI/1.1\n    [SERVER_PROTOCOL] => HTTP/1.1\n    [REQUEST_METHOD] => GET\n    [QUERY_STRING] => \n    [REQUEST_URI] => /level2.php\n    [SCRIPT_NAME] => /index.php\n    [PHP_SELF] => /index.php\n    [REQUEST_TIME_FLOAT] => 1401219290.757\n    [REQUEST_TIME] => 1401219290\n)\n','Array\n(\n    [laravel_session] => eyJpdiI6IjkwZWs5RXhmdWxQZTNleDU0T1VyZGlocmpHSDlTYks1eVpSOGM5NGVWWDg9IiwidmFsdWUiOiJwYWdka3dTV0hxZEtpUjVLc2ZPWTV4ckIrWmlsRXZBb3c2S01OZ3VuVnA0ODdUQnVBeWV6a1NuRmpyWE9UNFU2eDNjZmk4ekp0M2QwOExWNVlhdFlhZz09IiwibWFjIjoiODZiNzkzOWMzZWJjNDFiYjI1ZTA3M2ZkYTBjOGMyZjk0ZmI2N2YwYTQ3M2VhYjY4MmU1ZjI4ODMyZTVkZWI5MSJ9\n    [cartalyst_sentry] => eyJpdiI6IkVrbW5KTHIzMGJTbmx5bis5VWtKXC9MUnVcL2tnblZLRnNsTUZqaWtVNFRRUT0iLCJ2YWx1ZSI6InErSTNrYTB4ZklpbTBxRkg0djB6ZW54WkRlMmEyOWZBcXlTVnJBNVNlajVLTkR1eG9WNkl5bzltbTZJVkxEMzQ1cU5xT3JrMlFiM2JcL0FhV0xLZHV4K3k5c1FNSWNoYjdkb1ladXBNZ2hlTkRSTDdiamtrN0Qwc2p0SWduME1IdyIsIm1hYyI6ImNiODQxMzQ4MjhjOTQ1MmYxOTgwYzA2YTQxNWEwMWZjYmUzMWE3YzJkOWEzMDA4MWI2MTFjYTA3N2Q3OGVlYjMifQ==\n)\n','','2014-05-27 16:34:50','2014-05-27 16:34:50'),(198,1,1,'Array\n(\n)\n','Array\n(\n)\n','Array\n(\n)\n','Array\n(\n    [REDIRECT_STATUS] => 200\n    [HTTP_HOST] => vukhf.dev\n    [HTTP_USER_AGENT] => Mozilla/5.0 (X11; Ubuntu; Linux x86_64; rv:29.0) Gecko/20100101 Firefox/29.0\n    [HTTP_ACCEPT] => text/html,application/xhtml+xml,application/xml;q=0.9,*/*;q=0.8\n    [HTTP_ACCEPT_LANGUAGE] => en-US,en;q=0.5\n    [HTTP_ACCEPT_ENCODING] => gzip, deflate\n    [HTTP_REFERER] => http://vukhf.dev/\n    [HTTP_COOKIE] => laravel_session=eyJpdiI6ImlRcUJaWlpBd0ZwTGpiMXNhRU83TmgzRjJ5SVVQakdFQzJ1cGV0TmZ2bEE9IiwidmFsdWUiOiI3UG15TzdtZEpBUlZ0Y1wvR09hTVdtbG5QVEg0Y1ByOTIzMUlaVmU3VkFCODh4T205QjlWOVZ4K1wveTdUaXNBakliVkM4aWR2cW4zM3NHTEVRRGhHTk53PT0iLCJtYWMiOiIyN2VhYTE4YTRhOGQ4ZjMzNzg1MGM3YTliMjY4MWIxMTA0YzIwYWJhYWM1NDljYjFiZmZkOTdiM2UyNzE3MDg0In0%3D; cartalyst_sentry=eyJpdiI6IkVrbW5KTHIzMGJTbmx5bis5VWtKXC9MUnVcL2tnblZLRnNsTUZqaWtVNFRRUT0iLCJ2YWx1ZSI6InErSTNrYTB4ZklpbTBxRkg0djB6ZW54WkRlMmEyOWZBcXlTVnJBNVNlajVLTkR1eG9WNkl5bzltbTZJVkxEMzQ1cU5xT3JrMlFiM2JcL0FhV0xLZHV4K3k5c1FNSWNoYjdkb1ladXBNZ2hlTkRSTDdiamtrN0Qwc2p0SWduME1IdyIsIm1hYyI6ImNiODQxMzQ4MjhjOTQ1MmYxOTgwYzA2YTQxNWEwMWZjYmUzMWE3YzJkOWEzMDA4MWI2MTFjYTA3N2Q3OGVlYjMifQ%3D%3D\n    [HTTP_CONNECTION] => keep-alive\n    [PATH] => /usr/local/bin:/usr/bin:/bin\n    [SERVER_SIGNATURE] => <address>Apache/2.4.6 (Ubuntu) Server at vukhf.dev Port 80</address>\n\n    [SERVER_SOFTWARE] => Apache/2.4.6 (Ubuntu)\n    [SERVER_NAME] => vukhf.dev\n    [SERVER_ADDR] => 127.0.0.1\n    [SERVER_PORT] => 80\n    [REMOTE_ADDR] => 127.0.0.1\n    [DOCUMENT_ROOT] => /var/www/vukhf/public/\n    [REQUEST_SCHEME] => http\n    [CONTEXT_PREFIX] => \n    [CONTEXT_DOCUMENT_ROOT] => /var/www/vukhf/public/\n    [SERVER_ADMIN] => webmaster@localhost\n    [SCRIPT_FILENAME] => /var/www/vukhf/public/index.php\n    [REMOTE_PORT] => 34734\n    [REDIRECT_URL] => /level1.php\n    [GATEWAY_INTERFACE] => CGI/1.1\n    [SERVER_PROTOCOL] => HTTP/1.1\n    [REQUEST_METHOD] => GET\n    [QUERY_STRING] => \n    [REQUEST_URI] => /level1.php\n    [SCRIPT_NAME] => /index.php\n    [PHP_SELF] => /index.php\n    [REQUEST_TIME_FLOAT] => 1401219294.565\n    [REQUEST_TIME] => 1401219294\n)\n','Array\n(\n    [laravel_session] => eyJpdiI6ImlRcUJaWlpBd0ZwTGpiMXNhRU83TmgzRjJ5SVVQakdFQzJ1cGV0TmZ2bEE9IiwidmFsdWUiOiI3UG15TzdtZEpBUlZ0Y1wvR09hTVdtbG5QVEg0Y1ByOTIzMUlaVmU3VkFCODh4T205QjlWOVZ4K1wveTdUaXNBakliVkM4aWR2cW4zM3NHTEVRRGhHTk53PT0iLCJtYWMiOiIyN2VhYTE4YTRhOGQ4ZjMzNzg1MGM3YTliMjY4MWIxMTA0YzIwYWJhYWM1NDljYjFiZmZkOTdiM2UyNzE3MDg0In0=\n    [cartalyst_sentry] => eyJpdiI6IkVrbW5KTHIzMGJTbmx5bis5VWtKXC9MUnVcL2tnblZLRnNsTUZqaWtVNFRRUT0iLCJ2YWx1ZSI6InErSTNrYTB4ZklpbTBxRkg0djB6ZW54WkRlMmEyOWZBcXlTVnJBNVNlajVLTkR1eG9WNkl5bzltbTZJVkxEMzQ1cU5xT3JrMlFiM2JcL0FhV0xLZHV4K3k5c1FNSWNoYjdkb1ladXBNZ2hlTkRSTDdiamtrN0Qwc2p0SWduME1IdyIsIm1hYyI6ImNiODQxMzQ4MjhjOTQ1MmYxOTgwYzA2YTQxNWEwMWZjYmUzMWE3YzJkOWEzMDA4MWI2MTFjYTA3N2Q3OGVlYjMifQ==\n)\n','','2014-05-27 16:34:54','2014-05-27 16:34:54'),(199,1,6,'Array\n(\n)\n','Array\n(\n)\n','Array\n(\n)\n','Array\n(\n    [REDIRECT_STATUS] => 200\n    [HTTP_HOST] => vukhf.dev\n    [HTTP_USER_AGENT] => Mozilla/5.0 (X11; Ubuntu; Linux x86_64; rv:29.0) Gecko/20100101 Firefox/29.0\n    [HTTP_ACCEPT] => text/html,application/xhtml+xml,application/xml;q=0.9,*/*;q=0.8\n    [HTTP_ACCEPT_LANGUAGE] => en-US,en;q=0.5\n    [HTTP_ACCEPT_ENCODING] => gzip, deflate\n    [HTTP_REFERER] => http://vukhf.dev/\n    [HTTP_COOKIE] => laravel_session=eyJpdiI6ImplcVR3RU00VEZCYWsrTWFKUnRcL0piRUFGQm1RUG5pdTNKQ3hsaE5adDRRPSIsInZhbHVlIjoibVwveWlKaXVzcFJTOHF4dmlhdURyd1EzYmg0c2JjNXZOTGNyVDdSQlRxWVpmK0JFM29JN3RLY1I1SUZKNGpaXC9xK0JPTk01dUcwUjJsQjl3ZDlpM3Jvdz09IiwibWFjIjoiNTc4ZjlhMGRmNjI0NjM4YmY2ZmY4YmUxNzc3MDNjNzRiMzllNzFjYjg2MDFhZTNmNzQ1NDhjY2UyOTNlYzNlZCJ9; cartalyst_sentry=eyJpdiI6IkVrbW5KTHIzMGJTbmx5bis5VWtKXC9MUnVcL2tnblZLRnNsTUZqaWtVNFRRUT0iLCJ2YWx1ZSI6InErSTNrYTB4ZklpbTBxRkg0djB6ZW54WkRlMmEyOWZBcXlTVnJBNVNlajVLTkR1eG9WNkl5bzltbTZJVkxEMzQ1cU5xT3JrMlFiM2JcL0FhV0xLZHV4K3k5c1FNSWNoYjdkb1ladXBNZ2hlTkRSTDdiamtrN0Qwc2p0SWduME1IdyIsIm1hYyI6ImNiODQxMzQ4MjhjOTQ1MmYxOTgwYzA2YTQxNWEwMWZjYmUzMWE3YzJkOWEzMDA4MWI2MTFjYTA3N2Q3OGVlYjMifQ%3D%3D\n    [HTTP_CONNECTION] => keep-alive\n    [PATH] => /usr/local/bin:/usr/bin:/bin\n    [SERVER_SIGNATURE] => <address>Apache/2.4.6 (Ubuntu) Server at vukhf.dev Port 80</address>\n\n    [SERVER_SOFTWARE] => Apache/2.4.6 (Ubuntu)\n    [SERVER_NAME] => vukhf.dev\n    [SERVER_ADDR] => 127.0.0.1\n    [SERVER_PORT] => 80\n    [REMOTE_ADDR] => 127.0.0.1\n    [DOCUMENT_ROOT] => /var/www/vukhf/public/\n    [REQUEST_SCHEME] => http\n    [CONTEXT_PREFIX] => \n    [CONTEXT_DOCUMENT_ROOT] => /var/www/vukhf/public/\n    [SERVER_ADMIN] => webmaster@localhost\n    [SCRIPT_FILENAME] => /var/www/vukhf/public/index.php\n    [REMOTE_PORT] => 34768\n    [REDIRECT_URL] => /level6.php\n    [GATEWAY_INTERFACE] => CGI/1.1\n    [SERVER_PROTOCOL] => HTTP/1.1\n    [REQUEST_METHOD] => GET\n    [QUERY_STRING] => \n    [REQUEST_URI] => /level6.php\n    [SCRIPT_NAME] => /index.php\n    [PHP_SELF] => /index.php\n    [REQUEST_TIME_FLOAT] => 1401219317.704\n    [REQUEST_TIME] => 1401219317\n)\n','Array\n(\n    [laravel_session] => eyJpdiI6ImplcVR3RU00VEZCYWsrTWFKUnRcL0piRUFGQm1RUG5pdTNKQ3hsaE5adDRRPSIsInZhbHVlIjoibVwveWlKaXVzcFJTOHF4dmlhdURyd1EzYmg0c2JjNXZOTGNyVDdSQlRxWVpmK0JFM29JN3RLY1I1SUZKNGpaXC9xK0JPTk01dUcwUjJsQjl3ZDlpM3Jvdz09IiwibWFjIjoiNTc4ZjlhMGRmNjI0NjM4YmY2ZmY4YmUxNzc3MDNjNzRiMzllNzFjYjg2MDFhZTNmNzQ1NDhjY2UyOTNlYzNlZCJ9\n    [cartalyst_sentry] => eyJpdiI6IkVrbW5KTHIzMGJTbmx5bis5VWtKXC9MUnVcL2tnblZLRnNsTUZqaWtVNFRRUT0iLCJ2YWx1ZSI6InErSTNrYTB4ZklpbTBxRkg0djB6ZW54WkRlMmEyOWZBcXlTVnJBNVNlajVLTkR1eG9WNkl5bzltbTZJVkxEMzQ1cU5xT3JrMlFiM2JcL0FhV0xLZHV4K3k5c1FNSWNoYjdkb1ladXBNZ2hlTkRSTDdiamtrN0Qwc2p0SWduME1IdyIsIm1hYyI6ImNiODQxMzQ4MjhjOTQ1MmYxOTgwYzA2YTQxNWEwMWZjYmUzMWE3YzJkOWEzMDA4MWI2MTFjYTA3N2Q3OGVlYjMifQ==\n)\n','','2014-05-27 16:35:17','2014-05-27 16:35:17'),(200,1,1,'Array\n(\n)\n','Array\n(\n)\n','Array\n(\n)\n','Array\n(\n    [REDIRECT_STATUS] => 200\n    [HTTP_HOST] => vukhf.dev\n    [HTTP_USER_AGENT] => Mozilla/5.0 (X11; Ubuntu; Linux x86_64; rv:29.0) Gecko/20100101 Firefox/29.0\n    [HTTP_ACCEPT] => text/html,application/xhtml+xml,application/xml;q=0.9,*/*;q=0.8\n    [HTTP_ACCEPT_LANGUAGE] => en-US,en;q=0.5\n    [HTTP_ACCEPT_ENCODING] => gzip, deflate\n    [HTTP_REFERER] => http://vukhf.dev/\n    [HTTP_COOKIE] => cartalyst_sentry=eyJpdiI6IkVrbW5KTHIzMGJTbmx5bis5VWtKXC9MUnVcL2tnblZLRnNsTUZqaWtVNFRRUT0iLCJ2YWx1ZSI6InErSTNrYTB4ZklpbTBxRkg0djB6ZW54WkRlMmEyOWZBcXlTVnJBNVNlajVLTkR1eG9WNkl5bzltbTZJVkxEMzQ1cU5xT3JrMlFiM2JcL0FhV0xLZHV4K3k5c1FNSWNoYjdkb1ladXBNZ2hlTkRSTDdiamtrN0Qwc2p0SWduME1IdyIsIm1hYyI6ImNiODQxMzQ4MjhjOTQ1MmYxOTgwYzA2YTQxNWEwMWZjYmUzMWE3YzJkOWEzMDA4MWI2MTFjYTA3N2Q3OGVlYjMifQ%3D%3D; laravel_session=eyJpdiI6IlhxV1FGTmNzTFR2WHlRUEFTbmwwaEQxb0FcL2x5cTdiWlwvdjFnbkhPNVREWT0iLCJ2YWx1ZSI6Ik0wcmhkbUg4RHcxZ2tvMmZwSlVcLzBGOWdZSWd1VHhUbDI2TWhDOUp4QUhYbDhiQ1hyRTlwT2k5TEZaYis4Um9uTGlWVUZReGZIT0h1aEFza0dEYnVvZz09IiwibWFjIjoiYjM5OGQyM2VmNTkyYzExNzI4M2Y5YjU3MWRjMmMyYWUzMmQxYzM0MDMxOGQ2OWQ5MDY4MjIwZGVhMDVmN2M0NCJ9\n    [HTTP_CONNECTION] => keep-alive\n    [PATH] => /usr/local/bin:/usr/bin:/bin\n    [SERVER_SIGNATURE] => <address>Apache/2.4.6 (Ubuntu) Server at vukhf.dev Port 80</address>\n\n    [SERVER_SOFTWARE] => Apache/2.4.6 (Ubuntu)\n    [SERVER_NAME] => vukhf.dev\n    [SERVER_ADDR] => 127.0.0.1\n    [SERVER_PORT] => 80\n    [REMOTE_ADDR] => 127.0.0.1\n    [DOCUMENT_ROOT] => /var/www/vukhf/public/\n    [REQUEST_SCHEME] => http\n    [CONTEXT_PREFIX] => \n    [CONTEXT_DOCUMENT_ROOT] => /var/www/vukhf/public/\n    [SERVER_ADMIN] => webmaster@localhost\n    [SCRIPT_FILENAME] => /var/www/vukhf/public/index.php\n    [REMOTE_PORT] => 53389\n    [REDIRECT_URL] => /level1.php\n    [GATEWAY_INTERFACE] => CGI/1.1\n    [SERVER_PROTOCOL] => HTTP/1.1\n    [REQUEST_METHOD] => GET\n    [QUERY_STRING] => \n    [REQUEST_URI] => /level1.php\n    [SCRIPT_NAME] => /index.php\n    [PHP_SELF] => /index.php\n    [REQUEST_TIME_FLOAT] => 1401264289.201\n    [REQUEST_TIME] => 1401264289\n)\n','Array\n(\n    [cartalyst_sentry] => eyJpdiI6IkVrbW5KTHIzMGJTbmx5bis5VWtKXC9MUnVcL2tnblZLRnNsTUZqaWtVNFRRUT0iLCJ2YWx1ZSI6InErSTNrYTB4ZklpbTBxRkg0djB6ZW54WkRlMmEyOWZBcXlTVnJBNVNlajVLTkR1eG9WNkl5bzltbTZJVkxEMzQ1cU5xT3JrMlFiM2JcL0FhV0xLZHV4K3k5c1FNSWNoYjdkb1ladXBNZ2hlTkRSTDdiamtrN0Qwc2p0SWduME1IdyIsIm1hYyI6ImNiODQxMzQ4MjhjOTQ1MmYxOTgwYzA2YTQxNWEwMWZjYmUzMWE3YzJkOWEzMDA4MWI2MTFjYTA3N2Q3OGVlYjMifQ==\n    [laravel_session] => eyJpdiI6IlhxV1FGTmNzTFR2WHlRUEFTbmwwaEQxb0FcL2x5cTdiWlwvdjFnbkhPNVREWT0iLCJ2YWx1ZSI6Ik0wcmhkbUg4RHcxZ2tvMmZwSlVcLzBGOWdZSWd1VHhUbDI2TWhDOUp4QUhYbDhiQ1hyRTlwT2k5TEZaYis4Um9uTGlWVUZReGZIT0h1aEFza0dEYnVvZz09IiwibWFjIjoiYjM5OGQyM2VmNTkyYzExNzI4M2Y5YjU3MWRjMmMyYWUzMmQxYzM0MDMxOGQ2OWQ5MDY4MjIwZGVhMDVmN2M0NCJ9\n)\n','','2014-05-28 05:04:49','2014-05-28 05:04:49'),(201,1,1,'Array\n(\n)\n','Array\n(\n)\n','Array\n(\n)\n','Array\n(\n    [REDIRECT_STATUS] => 200\n    [HTTP_HOST] => vukhf.dev\n    [HTTP_USER_AGENT] => Mozilla/5.0 (X11; Ubuntu; Linux x86_64; rv:29.0) Gecko/20100101 Firefox/29.0\n    [HTTP_ACCEPT] => text/html,application/xhtml+xml,application/xml;q=0.9,*/*;q=0.8\n    [HTTP_ACCEPT_LANGUAGE] => en-US,en;q=0.5\n    [HTTP_ACCEPT_ENCODING] => gzip, deflate\n    [HTTP_REFERER] => http://vukhf.dev/\n    [HTTP_COOKIE] => laravel_session=eyJpdiI6IkpLK2RRY1ByYlNiZ1VmREJ2N0RTY2U1bXZKQllEQnBJcStHakpsd0ZXU1E9IiwidmFsdWUiOiJYbzYxUmV5a0lYQXBoTzEyZXp0ZFIzT1dPb1FYWElIN1hldHdkNFdqdzFCS3g5dkk1eU9ubzh5d3NwNVIrOGpHS29Bc2Yxa3RudEV3RGxYK3dDMEliQT09IiwibWFjIjoiODZmZTkyMGI5MzdkOGFjMzBjNmYwZjcwN2EwYmJhMDk1YTJlMjQzNTgxMmM0NWU2MGMxODM4MDUxY2YyMzNlZSJ9; cartalyst_sentry=eyJpdiI6InJ4U2RmUllQTEF3TWdjXC8yUFpCUWd4Q3hHZHNOZ2s3U0k0bGgyOUhuXC9cL1E9IiwidmFsdWUiOiJCa1d3dWt4QXZTRXVscjFOV3J0YW45NjdhRG5LYnVNRjFEcEw5cHEzWGJmWURuWTVQNWZ5Um05aGlXb0lPYUd4ZDhWeXZ4K0toN05xVEpFVXRObFYza2V4XC9nTXR1NE1sY2c4bkxBc1JpQWRtbE5iWWxcL2pieFlnNVk1enErZmZYIiwibWFjIjoiOTM3NTk2YTA4ZDk0Nzg4MmE4ZjM4MzA5OWE0ZDcwMDliYTI5YWEyMzJkNDQwMzcyMjNkMDgyZDA3NGM1YWFjOCJ9\n    [HTTP_CONNECTION] => keep-alive\n    [PATH] => /usr/local/bin:/usr/bin:/bin\n    [SERVER_SIGNATURE] => <address>Apache/2.4.6 (Ubuntu) Server at vukhf.dev Port 80</address>\n\n    [SERVER_SOFTWARE] => Apache/2.4.6 (Ubuntu)\n    [SERVER_NAME] => vukhf.dev\n    [SERVER_ADDR] => 127.0.0.1\n    [SERVER_PORT] => 80\n    [REMOTE_ADDR] => 127.0.0.1\n    [DOCUMENT_ROOT] => /var/www/vukhf/public/\n    [REQUEST_SCHEME] => http\n    [CONTEXT_PREFIX] => \n    [CONTEXT_DOCUMENT_ROOT] => /var/www/vukhf/public/\n    [SERVER_ADMIN] => webmaster@localhost\n    [SCRIPT_FILENAME] => /var/www/vukhf/public/index.php\n    [REMOTE_PORT] => 53489\n    [REDIRECT_URL] => /level1.php\n    [GATEWAY_INTERFACE] => CGI/1.1\n    [SERVER_PROTOCOL] => HTTP/1.1\n    [REQUEST_METHOD] => GET\n    [QUERY_STRING] => \n    [REQUEST_URI] => /level1.php\n    [SCRIPT_NAME] => /index.php\n    [PHP_SELF] => /index.php\n    [REQUEST_TIME_FLOAT] => 1401264532.931\n    [REQUEST_TIME] => 1401264532\n)\n','Array\n(\n    [laravel_session] => eyJpdiI6IkpLK2RRY1ByYlNiZ1VmREJ2N0RTY2U1bXZKQllEQnBJcStHakpsd0ZXU1E9IiwidmFsdWUiOiJYbzYxUmV5a0lYQXBoTzEyZXp0ZFIzT1dPb1FYWElIN1hldHdkNFdqdzFCS3g5dkk1eU9ubzh5d3NwNVIrOGpHS29Bc2Yxa3RudEV3RGxYK3dDMEliQT09IiwibWFjIjoiODZmZTkyMGI5MzdkOGFjMzBjNmYwZjcwN2EwYmJhMDk1YTJlMjQzNTgxMmM0NWU2MGMxODM4MDUxY2YyMzNlZSJ9\n    [cartalyst_sentry] => eyJpdiI6InJ4U2RmUllQTEF3TWdjXC8yUFpCUWd4Q3hHZHNOZ2s3U0k0bGgyOUhuXC9cL1E9IiwidmFsdWUiOiJCa1d3dWt4QXZTRXVscjFOV3J0YW45NjdhRG5LYnVNRjFEcEw5cHEzWGJmWURuWTVQNWZ5Um05aGlXb0lPYUd4ZDhWeXZ4K0toN05xVEpFVXRObFYza2V4XC9nTXR1NE1sY2c4bkxBc1JpQWRtbE5iWWxcL2pieFlnNVk1enErZmZYIiwibWFjIjoiOTM3NTk2YTA4ZDk0Nzg4MmE4ZjM4MzA5OWE0ZDcwMDliYTI5YWEyMzJkNDQwMzcyMjNkMDgyZDA3NGM1YWFjOCJ9\n)\n','','2014-05-28 05:08:52','2014-05-28 05:08:52'),(202,1,1,'Array\n(\n)\n','Array\n(\n    [login] => asdasda\n    [password] => adasdas\n)\n','Array\n(\n    [login] => asdasda\n    [password] => adasdas\n)\n','Array\n(\n    [REDIRECT_STATUS] => 200\n    [HTTP_HOST] => vukhf.dev\n    [HTTP_USER_AGENT] => Mozilla/5.0 (X11; Ubuntu; Linux x86_64; rv:29.0) Gecko/20100101 Firefox/29.0\n    [HTTP_ACCEPT] => */*\n    [HTTP_ACCEPT_LANGUAGE] => en-US,en;q=0.5\n    [HTTP_ACCEPT_ENCODING] => gzip, deflate\n    [CONTENT_TYPE] => application/x-www-form-urlencoded; charset=UTF-8\n    [HTTP_X_REQUESTED_WITH] => XMLHttpRequest\n    [HTTP_REFERER] => http://vukhf.dev/level1.php\n    [CONTENT_LENGTH] => 30\n    [HTTP_COOKIE] => laravel_session=eyJpdiI6IjRCb2xnK29mY1FGd1JzeEZ3WkFCZUVkMnlaV0RvOElZcVlvdU9GQzRETWM9IiwidmFsdWUiOiJ5ZVBUK0t2cWx0Ujg1TGhtRkYxbmFrOHhhMXJmNE1ZeDAybTdyUVI2TzNWRXNxb2dMdlIrZlZOTUFaUjlic2V3aVIxT0JNNnF4YVlQY0dEd0wyK1pjUT09IiwibWFjIjoiOGU1NzQ4YTZkYzdhYzNjOGE0NWUyMGYwNTFiMzg3MjU2ZjA1OGQyZWE2MWYyNDMyY2QzYmY4YTc2ODE0YmQ2MyJ9; cartalyst_sentry=eyJpdiI6InJ4U2RmUllQTEF3TWdjXC8yUFpCUWd4Q3hHZHNOZ2s3U0k0bGgyOUhuXC9cL1E9IiwidmFsdWUiOiJCa1d3dWt4QXZTRXVscjFOV3J0YW45NjdhRG5LYnVNRjFEcEw5cHEzWGJmWURuWTVQNWZ5Um05aGlXb0lPYUd4ZDhWeXZ4K0toN05xVEpFVXRObFYza2V4XC9nTXR1NE1sY2c4bkxBc1JpQWRtbE5iWWxcL2pieFlnNVk1enErZmZYIiwibWFjIjoiOTM3NTk2YTA4ZDk0Nzg4MmE4ZjM4MzA5OWE0ZDcwMDliYTI5YWEyMzJkNDQwMzcyMjNkMDgyZDA3NGM1YWFjOCJ9\n    [HTTP_CONNECTION] => keep-alive\n    [HTTP_PRAGMA] => no-cache\n    [HTTP_CACHE_CONTROL] => no-cache\n    [PATH] => /usr/local/bin:/usr/bin:/bin\n    [SERVER_SIGNATURE] => <address>Apache/2.4.6 (Ubuntu) Server at vukhf.dev Port 80</address>\n\n    [SERVER_SOFTWARE] => Apache/2.4.6 (Ubuntu)\n    [SERVER_NAME] => vukhf.dev\n    [SERVER_ADDR] => 127.0.0.1\n    [SERVER_PORT] => 80\n    [REMOTE_ADDR] => 127.0.0.1\n    [DOCUMENT_ROOT] => /var/www/vukhf/public/\n    [REQUEST_SCHEME] => http\n    [CONTEXT_PREFIX] => \n    [CONTEXT_DOCUMENT_ROOT] => /var/www/vukhf/public/\n    [SERVER_ADMIN] => webmaster@localhost\n    [SCRIPT_FILENAME] => /var/www/vukhf/public/index.php\n    [REMOTE_PORT] => 53502\n    [REDIRECT_URL] => /ajax-level1.php\n    [GATEWAY_INTERFACE] => CGI/1.1\n    [SERVER_PROTOCOL] => HTTP/1.1\n    [REQUEST_METHOD] => POST\n    [QUERY_STRING] => \n    [REQUEST_URI] => /ajax-level1.php\n    [SCRIPT_NAME] => /index.php\n    [PHP_SELF] => /index.php\n    [REQUEST_TIME_FLOAT] => 1401264540.112\n    [REQUEST_TIME] => 1401264540\n)\n','Array\n(\n    [laravel_session] => eyJpdiI6IjRCb2xnK29mY1FGd1JzeEZ3WkFCZUVkMnlaV0RvOElZcVlvdU9GQzRETWM9IiwidmFsdWUiOiJ5ZVBUK0t2cWx0Ujg1TGhtRkYxbmFrOHhhMXJmNE1ZeDAybTdyUVI2TzNWRXNxb2dMdlIrZlZOTUFaUjlic2V3aVIxT0JNNnF4YVlQY0dEd0wyK1pjUT09IiwibWFjIjoiOGU1NzQ4YTZkYzdhYzNjOGE0NWUyMGYwNTFiMzg3MjU2ZjA1OGQyZWE2MWYyNDMyY2QzYmY4YTc2ODE0YmQ2MyJ9\n    [cartalyst_sentry] => eyJpdiI6InJ4U2RmUllQTEF3TWdjXC8yUFpCUWd4Q3hHZHNOZ2s3U0k0bGgyOUhuXC9cL1E9IiwidmFsdWUiOiJCa1d3dWt4QXZTRXVscjFOV3J0YW45NjdhRG5LYnVNRjFEcEw5cHEzWGJmWURuWTVQNWZ5Um05aGlXb0lPYUd4ZDhWeXZ4K0toN05xVEpFVXRObFYza2V4XC9nTXR1NE1sY2c4bkxBc1JpQWRtbE5iWWxcL2pieFlnNVk1enErZmZYIiwibWFjIjoiOTM3NTk2YTA4ZDk0Nzg4MmE4ZjM4MzA5OWE0ZDcwMDliYTI5YWEyMzJkNDQwMzcyMjNkMDgyZDA3NGM1YWFjOCJ9\n)\n','','2014-05-28 05:09:00','2014-05-28 05:09:00');
/*!40000 ALTER TABLE `logs` ENABLE KEYS */;
UNLOCK TABLES;

--
-- Table structure for table `migrations`
--

DROP TABLE IF EXISTS `migrations`;
/*!40101 SET @saved_cs_client     = @@character_set_client */;
/*!40101 SET character_set_client = utf8 */;
CREATE TABLE `migrations` (
  `migration` varchar(255) COLLATE utf8_unicode_ci NOT NULL,
  `batch` int(11) NOT NULL
) ENGINE=InnoDB DEFAULT CHARSET=utf8 COLLATE=utf8_unicode_ci;
/*!40101 SET character_set_client = @saved_cs_client */;

--
-- Dumping data for table `migrations`
--

LOCK TABLES `migrations` WRITE;
/*!40000 ALTER TABLE `migrations` DISABLE KEYS */;
INSERT INTO `migrations` VALUES ('2014_05_17_122958_create_levels_table',1),('2014_05_18_080605_create_suggestions_table',2),('2014_05_18_133728_create_logs_table',3),('2014_05_26_201704_add_limit_from_to_suggestions',4);
/*!40000 ALTER TABLE `migrations` ENABLE KEYS */;
UNLOCK TABLES;

--
-- Table structure for table `suggestions`
--

DROP TABLE IF EXISTS `suggestions`;
/*!40101 SET @saved_cs_client     = @@character_set_client */;
/*!40101 SET character_set_client = utf8 */;
CREATE TABLE `suggestions` (
  `id` int(10) unsigned NOT NULL AUTO_INCREMENT,
  `level` int(11) NOT NULL,
  `title` varchar(255) COLLATE utf8_unicode_ci NOT NULL,
  `text` text COLLATE utf8_unicode_ci NOT NULL,
  `created_at` timestamp NOT NULL DEFAULT '0000-00-00 00:00:00',
  `updated_at` timestamp NOT NULL DEFAULT '0000-00-00 00:00:00',
  `limit_from` int(11) NOT NULL,
  PRIMARY KEY (`id`)
) ENGINE=InnoDB AUTO_INCREMENT=4 DEFAULT CHARSET=utf8 COLLATE=utf8_unicode_ci;
/*!40101 SET character_set_client = @saved_cs_client */;

--
-- Dumping data for table `suggestions`
--

LOCK TABLES `suggestions` WRITE;
/*!40000 ALTER TABLE `suggestions` DISABLE KEYS */;
INSERT INTO `suggestions` VALUES (2,7,'Test suggestion','Cross-site scripting (XSS) is a type of computer security vulnerability typically found in Web applications. XSS enables attackers to inject client-side script into Web pages viewed by other users. A cross-site scripting vulnerability may be used by attackers to bypass access controls such as the same origin policy. Cross-site scripting carried out on websites accounted for roughly 84% of all security vulnerabilities documented by Symantec as of 2007.[1] Their effect may range from a petty nuisance to a significant security risk, depending on the sensitivity of the data handled by the vulnerable site and the nature of any security mitigation implemented by the site\'s owner.','2014-05-18 08:06:26','2014-05-27 16:00:02',10),(3,1,'trtata','tekstas','2014-05-23 04:10:38','2014-05-27 16:06:41',0);
/*!40000 ALTER TABLE `suggestions` ENABLE KEYS */;
UNLOCK TABLES;

--
-- Table structure for table `throttle`
--

DROP TABLE IF EXISTS `throttle`;
/*!40101 SET @saved_cs_client     = @@character_set_client */;
/*!40101 SET character_set_client = utf8 */;
CREATE TABLE `throttle` (
  `id` int(10) unsigned NOT NULL AUTO_INCREMENT,
  `user_id` int(10) unsigned NOT NULL,
  `ip_address` varchar(255) DEFAULT NULL,
  `attempts` int(11) NOT NULL DEFAULT '0',
  `suspended` tinyint(1) NOT NULL DEFAULT '0',
  `banned` tinyint(1) NOT NULL DEFAULT '0',
  `last_attempt_at` timestamp NOT NULL DEFAULT '0000-00-00 00:00:00',
  `suspended_at` timestamp NOT NULL DEFAULT '0000-00-00 00:00:00',
  `banned_at` timestamp NOT NULL DEFAULT '0000-00-00 00:00:00',
  PRIMARY KEY (`id`),
  KEY `throttle_user_id_index` (`user_id`),
  CONSTRAINT `throttle_user` FOREIGN KEY (`user_id`) REFERENCES `users` (`id`) ON DELETE NO ACTION ON UPDATE NO ACTION
) ENGINE=InnoDB AUTO_INCREMENT=6 DEFAULT CHARSET=utf8;
/*!40101 SET character_set_client = @saved_cs_client */;

--
-- Dumping data for table `throttle`
--

LOCK TABLES `throttle` WRITE;
/*!40000 ALTER TABLE `throttle` DISABLE KEYS */;
INSERT INTO `throttle` VALUES (3,1,NULL,0,0,0,'0000-00-00 00:00:00','0000-00-00 00:00:00','0000-00-00 00:00:00'),(4,4,'127.0.0.1',0,0,0,'0000-00-00 00:00:00','0000-00-00 00:00:00','0000-00-00 00:00:00'),(5,5,'127.0.0.1',0,0,0,'2014-05-20 17:20:30','0000-00-00 00:00:00','0000-00-00 00:00:00');
/*!40000 ALTER TABLE `throttle` ENABLE KEYS */;
UNLOCK TABLES;

--
-- Table structure for table `users`
--

DROP TABLE IF EXISTS `users`;
/*!40101 SET @saved_cs_client     = @@character_set_client */;
/*!40101 SET character_set_client = utf8 */;
CREATE TABLE `users` (
  `id` int(10) unsigned NOT NULL AUTO_INCREMENT,
  `email` varchar(255) NOT NULL,
  `password` varchar(255) NOT NULL,
  `permissions` text,
  `activated` tinyint(1) NOT NULL DEFAULT '0',
  `activation_code` varchar(255) NOT NULL,
  `activated_at` timestamp NOT NULL DEFAULT '0000-00-00 00:00:00',
  `last_login` timestamp NOT NULL DEFAULT '0000-00-00 00:00:00',
  `persist_code` varchar(255) NOT NULL,
  `reset_password_code` varchar(255) NOT NULL,
  `first_name` varchar(255) NOT NULL,
  `last_name` varchar(255) NOT NULL,
  `created_at` timestamp NOT NULL DEFAULT '0000-00-00 00:00:00',
  `updated_at` timestamp NOT NULL DEFAULT '0000-00-00 00:00:00',
  PRIMARY KEY (`id`),
  UNIQUE KEY `users_email_unique` (`email`),
  KEY `users_activation_code_index` (`activation_code`),
  KEY `users_reset_password_code_index` (`reset_password_code`)
) ENGINE=InnoDB AUTO_INCREMENT=7 DEFAULT CHARSET=utf8;
/*!40101 SET character_set_client = @saved_cs_client */;

--
-- Dumping data for table `users`
--

LOCK TABLES `users` WRITE;
/*!40000 ALTER TABLE `users` DISABLE KEYS */;
INSERT INTO `users` VALUES (1,'admin@admin.com','$2y$10$H5IAd5IxIrZVCyS/pMQTluMqpe6EIuUHsEBRmcLERWGHPt4Q1oZAm',NULL,1,'','0000-00-00 00:00:00','2014-05-28 05:05:36','$2y$10$5WzIOUhU3On5ohR/hV89L.RsHitemxYSvJTVJNXAAU//jaaXwCQm6','','Justinas','Bolys','2014-03-22 12:25:53','2014-05-28 05:05:36'),(4,'student@student.lt','$2y$10$M9pfPb3xHE.GpzkwEU6BMeBkiUWsb/7dCqw1zAXH8V9d7YyXRgH2m',NULL,1,'','0000-00-00 00:00:00','2014-05-18 14:36:29','$2y$10$gSvHmr.LGVqgs2ch1wjPF.K5WihmxPs6YRfxnoG3GykKTapewXIfC','','Justinas','Bolys','2014-05-18 12:31:17','2014-05-18 14:36:29'),(5,'student1@student.lt','$2y$10$lmlENvRSs/m69GTViEznUe.U/QjrpPS9GH58yxsf332vNCH3NBEBC',NULL,1,'','0000-00-00 00:00:00','2014-05-20 17:41:45','$2y$10$2tUN1Lg7n1XkW42BRGWGUesjx6lFCBsv.T2Y6W1eZZ/nDQG1H7yEi','','Justinas1','Bolys1','2014-05-18 12:31:50','2014-05-20 17:41:45'),(6,'test@test.lt','$2y$10$Goq0b1nP6UjLcpzo21jKv.NHLEGA.QlBRZH8KrMiiN2IQtr2VmBLS',NULL,1,'','0000-00-00 00:00:00','0000-00-00 00:00:00','','','testas','testauskas','2014-05-23 04:05:30','2014-05-23 04:05:30');
/*!40000 ALTER TABLE `users` ENABLE KEYS */;
UNLOCK TABLES;

--
-- Table structure for table `users_groups`
--

DROP TABLE IF EXISTS `users_groups`;
/*!40101 SET @saved_cs_client     = @@character_set_client */;
/*!40101 SET character_set_client = utf8 */;
CREATE TABLE `users_groups` (
  `user_id` int(10) unsigned NOT NULL,
  `group_id` int(10) unsigned NOT NULL,
  UNIQUE KEY `user_groups_unique` (`user_id`,`group_id`),
  KEY `user_idx` (`user_id`),
  KEY `group_idx` (`group_id`),
  CONSTRAINT `user_groups_group` FOREIGN KEY (`group_id`) REFERENCES `groups` (`id`) ON DELETE NO ACTION ON UPDATE NO ACTION,
  CONSTRAINT `user_groups_user` FOREIGN KEY (`user_id`) REFERENCES `users` (`id`) ON DELETE NO ACTION ON UPDATE NO ACTION
) ENGINE=InnoDB DEFAULT CHARSET=utf8;
/*!40101 SET character_set_client = @saved_cs_client */;

--
-- Dumping data for table `users_groups`
--

LOCK TABLES `users_groups` WRITE;
/*!40000 ALTER TABLE `users_groups` DISABLE KEYS */;
INSERT INTO `users_groups` VALUES (1,1),(1,2),(4,1),(5,1),(6,1);
/*!40000 ALTER TABLE `users_groups` ENABLE KEYS */;
UNLOCK TABLES;
/*!40103 SET TIME_ZONE=@OLD_TIME_ZONE */;

/*!40101 SET SQL_MODE=@OLD_SQL_MODE */;
/*!40014 SET FOREIGN_KEY_CHECKS=@OLD_FOREIGN_KEY_CHECKS */;
/*!40014 SET UNIQUE_CHECKS=@OLD_UNIQUE_CHECKS */;
/*!40101 SET CHARACTER_SET_CLIENT=@OLD_CHARACTER_SET_CLIENT */;
/*!40101 SET CHARACTER_SET_RESULTS=@OLD_CHARACTER_SET_RESULTS */;
/*!40101 SET COLLATION_CONNECTION=@OLD_COLLATION_CONNECTION */;
/*!40111 SET SQL_NOTES=@OLD_SQL_NOTES */;

-- Dump completed on 2014-06-02 21:49:39
